Date,Mkt-RF,SMB,HML,RF
1927-01-31,-0.06,-0.56,4.83,0.25
1927-02-28,4.18,-0.1,3.17,0.26
1927-03-31,0.13,-1.6,-2.67,0.3
1927-04-30,0.46,0.43,0.6,0.25
1927-05-31,5.44,1.41,4.93,0.3
1927-06-30,-2.34,0.47,-1.53,0.26
1927-07-31,7.26,-3.23,-1.16,0.3
1927-08-31,1.97,-0.72,-3.69,0.28
1927-09-30,4.76,-3.57,-0.71,0.21
1927-10-31,-4.31,2.13,-4.33,0.25
1927-11-30,6.58,2.76,-0.31,0.21
1927-12-31,2.09,0.93,-1.06,0.22
1928-01-31,-0.68,4.25,-0.72,0.25
1928-02-29,-1.7,-2.03,-0.69,0.33
1928-03-31,8.81,-0.26,-1.2,0.29
1928-04-30,4.23,3.82,3.67,0.22
1928-05-31,1.52,2.98,-3.46,0.32
1928-06-30,-4.85,-3.5,-0.06,0.31
1928-07-31,0.62,-1.35,-0.47,0.32
1928-08-31,6.68,-2.07,-2.11,0.32
1928-09-30,2.88,2.18,0.76,0.27
1928-10-31,1.33,2.27,-2.26,0.41
1928-11-30,11.81,-1.81,2.8,0.38
1928-12-31,0.36,-0.85,-0.6,0.06
1929-01-31,4.66,-3.54,-1.21,0.34
1929-02-28,-0.34,-0.39,1.68,0.36
1929-03-31,-0.89,-4.78,1.56,0.34
1929-04-30,1.43,-0.99,0.61,0.36
1929-05-31,-6.39,-5.46,-1.57,0.44
1929-06-30,9.7,-2.17,-2.76,0.52
1929-07-31,4.46,-3.88,2.66,0.33
1929-08-31,8.18,-9.52,0.06,0.4
1929-09-30,-5.47,1.17,-0.63,0.35
1929-10-31,-20.12,-4.08,7.85,0.46
1929-11-30,-12.74,-1.91,5.33,0.37
1929-12-31,1.33,-4.2,-0.59,0.37
1930-01-31,5.61,3.58,-1.01,0.14
1930-02-28,2.5,0.12,0.39,0.3
1930-03-31,7.1,3.44,0.15,0.35
1930-04-30,-2.06,-0.17,-0.84,0.21
1930-05-31,-1.66,-2.04,-0.63,0.26
1930-06-30,-16.27,-3.22,2.0,0.27
1930-07-31,4.12,-0.37,-1.56,0.2
1930-08-31,0.3,-2.22,-0.78,0.09
1930-09-30,-12.75,-2.22,-5.27,0.22
1930-10-31,-8.78,-0.1,-1.35,0.09
1930-11-30,-3.04,2.21,-3.53,0.13
1930-12-31,-7.83,-4.68,-5.39,0.14
1931-01-31,6.24,3.81,7.21,0.15
1931-02-28,10.88,3.39,1.6,0.04
1931-03-31,-6.43,3.07,-3.65,0.13
1931-04-30,-9.98,-4.61,-3.92,0.08
1931-05-31,-13.24,5.16,-6.57,0.09
1931-06-30,13.9,-5.38,11.3,0.08
1931-07-31,-6.62,1.43,-2.1,0.06
1931-08-31,0.41,-1.97,-1.49,0.03
1931-09-30,-29.13,0.56,-6.75,0.03
1931-10-31,8.04,-1.87,1.7,0.1
1931-11-30,-9.08,4.3,-5.05,0.17
1931-12-31,-13.53,-0.56,-8.86,0.12
1932-01-31,-1.58,3.94,9.04,0.23
1932-02-29,5.46,-2.77,-1.45,0.23
1932-03-31,-11.21,2.27,-2.32,0.16
1932-04-30,-17.96,1.44,1.42,0.11
1932-05-31,-20.51,3.72,-3.28,0.06
1932-06-30,-0.7,0.35,5.32,0.02
1932-07-31,33.84,-4.44,35.46,0.03
1932-08-31,37.06,14.29,33.03,0.03
1932-09-30,-2.94,-2.43,-6.82,0.03
1932-10-31,-13.17,-2.76,-10.04,0.02
1932-11-30,-5.88,2.08,-13.28,0.02
1932-12-31,4.4,-8.27,-8.17,0.01
1933-01-31,1.25,0.69,6.23,0.01
1933-02-28,-15.24,-2.75,-2.73,-0.03
1933-03-31,3.29,3.9,7.38,0.04
1933-04-30,38.85,4.56,17.43,0.1
1933-05-31,21.43,36.7,19.03,0.04
1933-06-30,13.11,8.67,-1.88,0.02
1933-07-31,-9.63,-1.01,3.27,0.02
1933-08-31,12.05,-5.45,2.96,0.03
1933-09-30,-10.65,-0.32,-11.77,0.02
1933-10-31,-8.36,-0.08,-8.46,0.01
1933-11-30,9.97,-6.48,2.33,0.02
1933-12-31,1.83,0.66,-1.53,0.02
1934-01-31,12.6,12.53,15.54,0.05
1934-02-28,-2.5,5.19,2.12,0.02
1934-03-31,0.09,2.51,-2.73,0.02
1934-04-30,-1.79,2.8,-3.75,0.01
1934-05-31,-7.25,-0.26,-5.91,0.01
1934-06-30,2.64,-2.14,-2.92,0.01
1934-07-31,-10.96,-6.94,-10.66,0.01
1934-08-31,5.58,5.42,0.5,0.01
1934-09-30,-0.23,-1.52,-1.24,0.01
1934-10-31,-1.66,1.24,-5.11,0.01
1934-11-30,8.33,6.49,-2.24,0.01
1934-12-31,0.36,3.08,-3.17,0.01
1935-01-31,-3.45,1.07,-1.89,0.01
1935-02-28,-1.94,0.42,-7.24,0.02
1935-03-31,-3.68,-3.54,-5.06,0.01
1935-04-30,9.06,-1.56,4.27,0.01
1935-05-31,3.47,-3.34,2.61,0.01
1935-06-30,5.93,-2.51,-1.65,0.01
1935-07-31,7.51,1.47,6.86,0.01
1935-08-31,2.65,6.28,5.7,0.01
1935-09-30,2.63,1.57,-4.05,0.01
1935-10-31,7.03,2.65,-2.33,0.01
1935-11-30,4.88,4.3,11.91,0.02
1935-12-31,4.56,0.22,1.07,0.01
1936-01-31,6.89,5.1,10.51,0.01
1936-02-29,2.49,1.14,5.04,0.01
1936-03-31,0.99,0.66,-1.66,0.02
1936-04-30,-8.14,-6.03,-2.08,0.02
1936-05-31,5.19,0.81,2.63,0.02
1936-06-30,2.4,-3.25,-1.2,0.03
1936-07-31,6.67,1.14,2.56,0.01
1936-08-31,0.99,0.72,3.99,0.02
1936-09-30,0.98,3.07,0.88,0.01
1936-10-31,7.12,-2.39,2.52,0.02
1936-11-30,3.27,9.01,-0.92,0.01
1936-12-31,0.21,3.61,3.96,0.0
1937-01-31,3.35,4.31,2.61,0.01
1937-02-28,1.09,1.23,5.05,0.02
1937-03-31,-0.27,-1.78,6.39,0.01
1937-04-30,-7.36,-3.77,-3.61,0.03
1937-05-31,-0.83,-0.66,-3.49,0.06
1937-06-30,-4.21,-3.65,-3.21,0.03
1937-07-31,8.91,0.85,0.82,0.03
1937-08-31,-4.86,0.42,-2.25,0.02
1937-09-30,-13.61,-6.89,-4.57,0.04
1937-10-31,-9.61,0.45,-1.62,0.02
1937-11-30,-8.31,-3.65,0.2,0.02
1937-12-31,-4.24,-7.76,-0.39,0.0
1938-01-31,0.49,4.97,-1.6,0.0
1938-02-28,5.84,0.35,-2.02,0.0
1938-03-31,-23.82,-4.24,-3.52,-0.01
1938-04-30,14.51,6.37,0.18,0.01
1938-05-31,-3.83,-2.47,-0.28,0.0
1938-06-30,23.87,4.05,0.3,0.0
1938-07-31,7.34,6.66,2.18,-0.01
1938-08-31,-2.67,-2.44,-4.72,0.0
1938-09-30,0.81,-2.72,-1.62,0.02
1938-10-31,7.8,5.83,5.01,0.01
1938-11-30,-1.72,-2.56,-1.23,-0.06
1938-12-31,4.19,-1.8,0.5,0.0
1939-01-31,-5.96,-1.56,-3.92,-0.01
1939-02-28,3.51,0.63,2.95,0.01
1939-03-31,-11.99,-4.76,-8.29,-0.01
1939-04-30,-0.18,1.66,-0.3,0.0
1939-05-31,6.8,2.81,0.47,0.01
1939-06-30,-5.31,-1.02,-5.41,0.01
1939-07-31,10.24,4.32,-0.03,0.0
1939-08-31,-6.68,-4.61,-2.42,-0.01
1939-09-30,16.88,20.23,22.22,0.01
1939-10-31,-0.53,-0.01,-4.89,0.0
1939-11-30,-3.62,-5.07,-6.46,0.0
1939-12-31,3.03,0.79,-4.06,0.0
1940-01-31,-2.41,0.24,-0.77,0.0
1940-02-29,1.44,2.51,-0.32,0.0
1940-03-31,2.05,1.25,-1.27,0.0
1940-04-30,0.22,3.92,-0.13,0.0
1940-05-31,-21.95,-6.66,-3.69,-0.02
1940-06-30,6.67,-2.13,4.63,0.0
1940-07-31,3.16,1.01,-0.74,0.01
1940-08-31,2.19,-0.11,0.56,-0.01
1940-09-30,2.39,3.22,-1.13,0.0
1940-10-31,3.02,0.28,4.64,0.0
1940-11-30,-1.61,1.94,0.12,0.0
1940-12-31,0.69,-2.15,-0.89,0.0
1941-01-31,-4.17,1.0,3.83,-0.01
1941-02-28,-1.43,-1.57,0.89,-0.01
1941-03-31,0.84,0.1,3.04,0.01
1941-04-30,-5.46,-1.69,3.41,-0.01
1941-05-31,1.39,-0.66,0.6,0.0
1941-06-30,5.83,1.32,0.59,0.0
1941-07-31,5.87,5.7,7.25,0.03
1941-08-31,-0.17,-0.41,-1.1,0.01
1941-09-30,-0.87,-0.99,-0.28,0.01
1941-10-31,-5.25,-2.02,1.63,0.0
1941-11-30,-1.92,-1.21,-0.64,0.0
1941-12-31,-4.87,-2.98,-5.94,0.01
1942-01-31,0.79,7.52,10.1,0.02
1942-02-28,-2.46,1.72,-1.13,0.01
1942-03-31,-6.58,1.78,-0.62,0.01
1942-04-30,-4.37,-0.6,2.09,0.01
1942-05-31,5.94,-3.05,-2.65,0.03
1942-06-30,2.69,-1.22,0.54,0.02
1942-07-31,3.51,-0.16,2.4,0.03
1942-08-31,1.8,-0.09,1.33,0.03
1942-09-30,2.61,0.66,2.39,0.03
1942-10-31,6.82,1.82,6.47,0.03
1942-11-30,0.15,-1.54,-4.24,0.03
1942-12-31,5.12,-2.49,0.56,0.03
1943-01-31,7.13,8.78,8.23,0.03
1943-02-28,6.15,4.84,6.51,0.03
1943-03-31,6.01,5.03,5.48,0.03
1943-04-30,0.81,2.06,5.86,0.03
1943-05-31,5.74,4.41,3.28,0.03
1943-06-30,1.82,-1.06,-0.74,0.03
1943-07-31,-4.77,-2.41,-2.27,0.03
1943-08-31,1.3,-0.62,-0.47,0.03
1943-09-30,2.4,1.28,1.43,0.03
1943-10-31,-1.15,0.58,1.65,0.03
1943-11-30,-5.91,-1.64,-4.04,0.03
1943-12-31,6.36,3.34,3.22,0.03
1944-01-31,1.74,2.56,2.17,0.03
1944-02-29,0.37,-0.1,0.83,0.03
1944-03-31,2.46,1.71,3.43,0.02
1944-04-30,-1.69,-1.35,-1.13,0.03
1944-05-31,5.07,1.67,1.02,0.03
1944-06-30,5.49,4.04,1.82,0.03
1944-07-31,-1.49,0.55,-0.43,0.03
1944-08-31,1.57,2.41,-1.63,0.03
1944-09-30,0.01,0.47,-1.21,0.02
1944-10-31,0.16,-0.14,-0.34,0.03
1944-11-30,1.71,0.37,2.31,0.03
1944-12-31,4.03,2.24,5.91,0.02
1945-01-31,2.01,2.44,0.71,0.03
1945-02-28,6.23,1.56,4.4,0.02
1945-03-31,-3.89,-1.61,-1.78,0.02
1945-04-30,7.8,0.32,3.21,0.03
1945-05-31,1.73,1.51,0.35,0.03
1945-06-30,0.39,3.1,4.32,0.02
1945-07-31,-2.17,-1.46,-2.71,0.03
1945-08-31,6.2,1.61,-4.4,0.03
1945-09-30,4.77,1.71,0.48,0.03
1945-10-31,3.89,2.46,2.25,0.03
1945-11-30,5.39,4.16,4.34,0.02
1945-12-31,1.2,2.12,-2.32,0.03
1946-01-31,6.24,4.02,2.21,0.03
1946-02-28,-5.83,-0.73,-1.27,0.03
1946-03-31,5.87,0.31,-0.36,0.03
1946-04-30,4.23,2.37,0.45,0.03
1946-05-31,3.93,1.46,1.09,0.03
1946-06-30,-3.89,-1.53,-0.59,0.03
1946-07-31,-2.69,-2.06,0.04,0.03
1946-08-31,-6.44,-1.78,0.6,0.03
1946-09-30,-10.17,-4.41,-1.96,0.03
1946-10-31,-1.44,0.09,3.44,0.03
1946-11-30,-0.01,-0.4,1.52,0.03
1946-12-31,4.96,0.06,-1.38,0.03
1947-01-31,1.25,2.18,-0.73,0.03
1947-02-28,-1.08,0.68,0.14,0.03
1947-03-31,-1.67,-1.61,0.61,0.03
1947-04-30,-4.8,-3.97,0.85,0.03
1947-05-31,-0.97,-3.26,0.34,0.03
1947-06-30,5.29,-0.31,-0.6,0.03
1947-07-31,4.14,1.43,2.82,0.03
1947-08-31,-1.74,0.3,0.16,0.03
1947-09-30,-0.54,1.64,1.36,0.06
1947-10-31,2.47,0.51,0.08,0.06
1947-11-30,-1.97,-1.74,1.06,0.06
1947-12-31,3.0,-2.48,3.69,0.08
1948-01-31,-3.93,2.49,1.38,0.07
1948-02-29,-4.38,-1.71,0.07,0.07
1948-03-31,8.07,0.13,4.49,0.09
1948-04-30,3.65,-1.66,4.1,0.08
1948-05-31,7.3,0.93,-1.23,0.08
1948-06-30,-0.1,-1.86,2.75,0.09
1948-07-31,-5.09,-0.32,0.07,0.08
1948-08-31,0.25,-1.1,0.27,0.09
1948-09-30,-2.97,-1.23,-1.79,0.04
1948-10-31,5.96,-1.5,0.56,0.04
1948-11-30,-9.3,-0.62,-4.14,0.04
1948-12-31,3.26,-2.8,-1.94,0.04
1949-01-31,0.23,1.81,1.17,0.1
1949-02-28,-2.93,-1.89,-0.91,0.09
1949-03-31,4.04,2.48,1.34,0.1
1949-04-30,-1.87,-0.89,-1.18,0.09
1949-05-31,-2.94,-0.77,-2.42,0.1
1949-06-30,0.1,-0.88,-1.76,0.1
1949-07-31,5.54,0.57,0.38,0.09
1949-08-31,2.6,0.13,-0.57,0.09
1949-09-30,3.09,1.05,0.23,0.09
1949-10-31,3.14,1.03,-0.49,0.09
1949-11-30,1.82,-0.93,-0.91,0.08
1949-12-31,5.13,2.07,1.75,0.09
1950-01-31,1.7,3.36,0.14,0.09
1950-02-28,1.48,0.04,-0.81,0.09
1950-03-31,1.26,-1.41,-2.77,0.1
1950-04-30,3.94,1.99,1.34,0.09
1950-05-31,4.31,-2.12,0.46,0.1
1950-06-30,-5.94,-2.38,-0.78,0.1
1950-07-31,1.36,0.51,13.66,0.1
1950-08-31,4.85,0.73,-1.41,0.1
1950-09-30,4.81,0.57,-1.11,0.1
1950-10-31,-0.18,-0.58,1.44,0.12
1950-11-30,2.76,-0.84,3.17,0.11
1950-12-31,5.54,1.49,7.23,0.11
1951-01-31,5.7,1.73,3.72,0.13
1951-02-28,1.41,0.09,-2.83,0.1
1951-03-31,-2.15,-0.64,-4.22,0.11
1951-04-30,4.86,-1.49,3.28,0.13
1951-05-31,-2.34,-0.01,-1.33,0.12
1951-06-30,-2.62,-1.95,-3.96,0.12
1951-07-31,6.94,-1.99,2.01,0.13
1951-08-31,4.27,0.99,-0.16,0.13
1951-09-30,0.7,1.9,0.61,0.12
1951-10-31,-2.53,-0.22,0.25,0.16
1951-11-30,0.57,-0.29,-0.05,0.11
1951-12-31,3.33,-2.25,-1.56,0.12
1952-01-31,1.45,-0.61,1.54,0.15
1952-02-29,-2.62,0.79,-0.61,0.12
1952-03-31,4.44,-2.99,2.16,0.11
1952-04-30,-4.97,0.48,-0.1,0.12
1952-05-31,3.2,-1.01,0.08,0.13
1952-06-30,3.83,-1.61,1.23,0.15
1952-07-31,0.91,-0.4,-0.35,0.15
1952-08-31,-0.76,1.18,0.03,0.15
1952-09-30,-2.03,1.15,-1.51,0.16
1952-10-31,-0.66,-1.06,-0.45,0.14
1952-11-30,5.94,-0.71,0.95,0.1
1952-12-31,2.93,-1.48,0.18,0.16
1953-01-31,-0.34,3.58,1.32,0.16
1953-02-28,-0.27,2.15,-0.08,0.14
1953-03-31,-1.43,-0.19,-0.8,0.18
1953-04-30,-2.83,0.28,1.53,0.16
1953-05-31,0.52,-0.07,0.23,0.17
1953-06-30,-1.89,-1.86,-0.47,0.18
1953-07-31,2.4,-1.05,-0.24,0.15
1953-08-31,-4.52,0.36,-3.54,0.17
1953-09-30,0.2,-0.85,-2.42,0.16
1953-10-31,4.6,-1.37,-0.19,0.13
1953-11-30,2.83,-1.29,-0.17,0.08
1953-12-31,0.03,-0.84,-2.84,0.13
1954-01-31,5.13,0.46,3.51,0.11
1954-02-28,1.67,-0.17,-0.28,0.07
1954-03-31,3.65,-0.49,-1.46,0.08
1954-04-30,4.27,-3.48,-0.37,0.09
1954-05-31,3.09,0.39,2.46,0.05
1954-06-30,1.07,0.41,-0.03,0.06
1954-07-31,4.99,1.07,4.11,0.05
1954-08-31,-2.34,2.66,-1.36,0.05
1954-09-30,6.39,-2.54,0.66,0.09
1954-10-31,-1.67,0.59,0.72,0.07
1954-11-30,9.38,-2.62,4.36,0.06
1954-12-31,5.48,2.14,5.71,0.08
1955-01-31,0.6,0.25,2.18,0.08
1955-02-28,3.02,1.54,0.62,0.09
1955-03-31,-0.16,-0.66,1.95,0.1
1955-04-30,3.11,-1.79,0.81,0.1
1955-05-31,0.93,-0.29,-0.86,0.14
1955-06-30,6.55,-4.65,1.92,0.1
1955-07-31,1.9,-1.36,0.63,0.1
1955-08-31,0.21,-0.38,0.58,0.16
1955-09-30,-0.36,0.3,-1.06,0.16
1955-10-31,-2.68,1.5,-0.03,0.18
1955-11-30,7.03,-2.46,0.5,0.17
1955-12-31,1.49,2.08,-2.24,0.18
1956-01-31,-3.03,0.44,1.12,0.22
1956-02-29,3.77,-1.04,-0.53,0.19
1956-03-31,6.64,-2.42,-0.14,0.15
1956-04-30,0.28,0.07,-0.18,0.19
1956-05-31,-5.2,1.5,-1.33,0.23
1956-06-30,3.48,-1.46,-1.32,0.2
1956-07-31,4.84,-1.68,-0.01,0.22
1956-08-31,-3.18,1.9,-0.71,0.17
1956-09-30,-5.14,1.56,1.79,0.18
1956-10-31,0.52,-0.09,-0.06,0.25
1956-11-30,0.36,-0.22,1.78,0.2
1956-12-31,3.16,-0.03,-2.1,0.24
1957-01-31,-3.58,3.4,2.78,0.27
1957-02-28,-2.06,-0.72,-0.73,0.24
1957-03-31,2.13,0.27,-0.47,0.23
1957-04-30,4.26,-1.6,-1.51,0.25
1957-05-31,3.45,-1.07,-2.05,0.26
1957-06-30,-0.74,0.55,0.01,0.24
1957-07-31,0.66,-0.76,0.38,0.3
1957-08-31,-5.11,0.06,-0.45,0.25
1957-09-30,-5.98,0.08,0.88,0.26
1957-10-31,-4.32,-2.52,-1.83,0.29
1957-11-30,2.3,0.4,-2.9,0.28
1957-12-31,-3.91,-0.93,-1.71,0.24
1958-01-31,4.66,4.36,4.23,0.28
1958-02-28,-1.52,0.7,0.28,0.12
1958-03-31,3.27,0.63,-0.92,0.09
1958-04-30,3.09,-0.59,1.46,0.08
1958-05-31,2.31,2.24,-0.35,0.11
1958-06-30,2.93,-0.24,0.5,0.03
1958-07-31,4.39,0.47,3.12,0.07
1958-08-31,1.91,1.19,0.29,0.04
1958-09-30,4.66,0.15,2.96,0.19
1958-10-31,2.53,1.13,-1.18,0.18
1958-11-30,3.01,2.06,-1.29,0.11
1958-12-31,5.15,-2.07,-0.05,0.22
1959-01-31,0.71,3.02,2.98,0.21
1959-02-28,0.95,1.49,1.05,0.19
1959-03-31,0.28,1.48,-0.35,0.22
1959-04-30,3.66,-0.58,-1.22,0.2
1959-05-31,1.73,-2.15,1.87,0.22
1959-06-30,-0.25,0.68,1.33,0.25
1959-07-31,3.17,-0.32,0.26,0.25
1959-08-31,-1.39,-0.78,0.44,0.19
1959-09-30,-4.8,-0.09,0.57,0.31
1959-10-31,1.28,1.43,-2.05,0.3
1959-11-30,1.6,1.24,-3.27,0.26
1959-12-31,2.45,-0.6,-0.03,0.34
1960-01-31,-6.98,2.09,2.73,0.33
1960-02-29,1.17,0.51,-1.99,0.29
1960-03-31,-1.63,-0.51,-2.85,0.35
1960-04-30,-1.71,0.31,-2.23,0.19
1960-05-31,3.12,1.21,-3.76,0.27
1960-06-30,2.08,-0.22,-0.34,0.24
1960-07-31,-2.37,-0.52,2.03,0.13
1960-08-31,3.01,0.9,-0.19,0.17
1960-09-30,-5.99,-1.11,1.58,0.16
1960-10-31,-0.71,-3.95,2.6,0.22
1960-11-30,4.69,0.35,-2.45,0.13
1960-12-31,4.71,-1.56,-0.79,0.16
1961-01-31,6.2,0.66,3.7,0.19
1961-02-28,3.57,3.98,-0.74,0.14
1961-03-31,2.89,3.27,-0.77,0.2
1961-04-30,0.29,0.1,2.05,0.17
1961-05-31,2.4,1.95,0.48,0.18
1961-06-30,-3.08,-2.47,-0.18,0.2
1961-07-31,2.83,-1.88,-0.11,0.18
1961-08-31,2.57,-1.75,-0.28,0.14
1961-09-30,-2.15,-1.05,-0.58,0.17
1961-10-31,2.57,-1.61,0.12,0.19
1961-11-30,4.45,1.24,-1.19,0.15
1961-12-31,-0.18,-0.83,1.83,0.19
1962-01-31,-3.87,1.78,5.09,0.24
1962-02-28,1.81,-1.16,0.85,0.2
1962-03-31,-0.68,0.53,-1.43,0.2
1962-04-30,-6.59,-0.68,0.03,0.22
1962-05-31,-8.65,-3.33,2.78,0.24
1962-06-30,-8.47,-0.57,2.54,0.2
1962-07-31,6.28,1.49,-3.44,0.27
1962-08-31,2.13,1.23,-1.19,0.23
1962-09-30,-5.22,-2.43,1.23,0.21
1962-10-31,-0.05,-3.97,1.29,0.25
1962-11-30,10.87,2.61,1.01,0.2
1962-12-31,1.01,-3.8,0.33,0.23
1963-01-31,4.93,3.06,2.26,0.25
1963-02-28,-2.38,0.5,2.21,0.23
1963-03-31,3.08,-2.62,2.1,0.23
1963-04-30,4.51,-1.31,1.01,0.25
1963-05-31,1.76,1.12,2.5,0.24
1963-06-30,-2.0,-0.25,0.7,0.23
1963-07-31,-0.39,-0.56,-0.83,0.27
1963-08-31,5.07,-0.94,1.67,0.25
1963-09-30,-1.57,-0.31,0.18,0.27
1963-10-31,2.53,-0.54,-0.1,0.29
1963-11-30,-0.85,-1.13,1.71,0.27
1963-12-31,1.83,-1.97,-0.12,0.29
1964-01-31,2.24,-0.19,1.59,0.3
1964-02-29,1.54,0.1,2.83,0.26
1964-03-31,1.41,0.99,3.32,0.31
1964-04-30,0.1,-1.37,-0.55,0.29
1964-05-31,1.42,-0.9,1.98,0.26
1964-06-30,1.27,-0.26,0.68,0.3
1964-07-31,1.74,0.28,0.68,0.3
1964-08-31,-1.44,0.09,0.09,0.28
1964-09-30,2.69,-0.51,1.65,0.28
1964-10-31,0.59,0.43,1.14,0.29
1964-11-30,0.0,0.61,-1.98,0.29
1964-12-31,0.03,-0.26,-2.55,0.31
1965-01-31,3.54,2.7,0.18,0.28
1965-02-28,0.44,3.48,0.22,0.3
1965-03-31,-1.34,1.79,1.09,0.36
1965-04-30,3.11,1.2,0.71,0.31
1965-05-31,-0.77,0.04,-1.63,0.31
1965-06-30,-5.51,-4.35,0.55,0.35
1965-07-31,1.43,0.87,2.18,0.31
1965-08-31,2.73,2.81,-0.96,0.33
1965-09-30,2.86,0.61,-0.1,0.31
1965-10-31,2.6,2.48,1.52,0.31
1965-11-30,-0.03,4.68,0.21,0.35
1965-12-31,1.01,2.08,1.95,0.33
1966-01-31,0.72,3.89,3.49,0.38
1966-02-28,-1.21,4.54,0.27,0.35
1966-03-31,-2.51,0.94,-2.07,0.38
1966-04-30,2.14,3.45,-0.54,0.34
1966-05-31,-5.66,-4.7,-1.55,0.41
1966-06-30,-1.44,1.02,0.5,0.38
1966-07-31,-1.63,-0.44,0.96,0.35
1966-08-31,-7.91,-3.23,0.47,0.41
1966-09-30,-1.06,-1.07,0.53,0.4
1966-10-31,3.86,-6.64,2.87,0.45
1966-11-30,1.4,4.22,-4.46,0.4
1966-12-31,0.13,1.86,-1.22,0.4
1967-01-31,8.15,8.32,2.22,0.43
1967-02-28,0.78,3.34,-2.17,0.36
1967-03-31,3.99,1.63,0.31,0.39
1967-04-30,3.89,0.62,-2.64,0.32
1967-05-31,-4.33,1.98,0.8,0.33
1967-06-30,2.41,5.96,0.96,0.27
1967-07-31,4.58,3.08,2.65,0.31
1967-08-31,-0.89,0.47,1.46,0.31
1967-09-30,3.11,3.1,-2.47,0.32
1967-10-31,-3.09,1.42,-3.39,0.39
1967-11-30,0.37,0.2,-1.71,0.36
1967-12-31,3.05,5.73,-0.39,0.33
1968-01-31,-4.06,3.91,4.75,0.4
1968-02-29,-3.75,-2.95,1.17,0.39
1968-03-31,0.2,-1.28,-0.59,0.38
1968-04-30,9.05,5.73,-1.03,0.43
1968-05-31,2.28,6.43,0.84,0.45
1968-06-30,0.69,-0.17,0.67,0.43
1968-07-31,-2.72,-1.3,5.48,0.48
1968-08-31,1.34,2.34,1.0,0.42
1968-09-30,4.03,2.76,0.24,0.43
1968-10-31,0.42,-0.47,2.89,0.44
1968-11-30,5.43,2.36,-0.9,0.42
1968-12-31,-3.94,3.44,0.02,0.43
1969-01-31,-1.25,-0.78,1.69,0.53
1969-02-28,-5.84,-3.89,0.9,0.46
1969-03-31,2.64,-0.25,-0.46,0.46
1969-04-30,1.46,-0.88,0.03,0.53
1969-05-31,-0.1,-0.27,0.73,0.48
1969-06-30,-7.18,-5.39,-1.09,0.51
1969-07-31,-7.0,-3.21,1.42,0.53
1969-08-31,4.68,0.94,-3.87,0.5
1969-09-30,-2.98,1.2,-3.19,0.62
1969-10-31,5.06,3.81,-3.19,0.6
1969-11-30,-3.79,-2.53,-1.12,0.52
1969-12-31,-2.63,-3.67,-3.02,0.64
1970-01-31,-8.1,2.9,3.04,0.6
1970-02-28,5.13,-2.4,4.04,0.62
1970-03-31,-1.06,-2.32,4.25,0.57
1970-04-30,-11.0,-6.11,6.39,0.5
1970-05-31,-6.92,-4.52,3.6,0.53
1970-06-30,-5.79,-2.16,0.87,0.58
1970-07-31,6.93,-0.54,0.96,0.52
1970-08-31,4.49,1.52,1.03,0.53
1970-09-30,4.18,8.62,-5.58,0.54
1970-10-31,-2.28,-4.28,0.27,0.46
1970-11-30,4.59,-4.07,1.63,0.46
1970-12-31,5.72,2.97,1.01,0.42
1971-01-31,4.84,7.37,1.38,0.38
1971-02-28,1.41,1.88,-1.29,0.33
1971-03-31,4.13,2.54,-4.04,0.3
1971-04-30,3.15,-0.49,0.72,0.28
1971-05-31,-3.98,-1.1,-1.38,0.29
1971-06-30,-0.1,-1.42,-2.06,0.37
1971-07-31,-4.5,-1.5,0.17,0.4
1971-08-31,3.79,-0.16,2.67,0.47
1971-09-30,-0.85,0.41,-2.96,0.37
1971-10-31,-4.42,-1.8,-0.43,0.37
1971-11-30,-0.46,-2.85,-1.7,0.37
1971-12-31,8.71,3.32,-0.35,0.37
1972-01-31,2.49,6.12,1.99,0.29
1972-02-29,2.87,1.37,-2.76,0.25
1972-03-31,0.63,-0.27,-1.73,0.27
1972-04-30,0.29,0.01,0.23,0.29
1972-05-31,1.25,-2.79,-2.69,0.3
1972-06-30,-2.43,0.33,-2.51,0.29
1972-07-31,-0.8,-2.89,0.78,0.31
1972-08-31,3.26,-4.09,4.69,0.29
1972-09-30,-1.14,-2.67,0.47,0.34
1972-10-31,0.52,-2.74,1.37,0.4
1972-11-30,4.6,-1.11,4.76,0.37
1972-12-31,0.62,-1.86,-2.27,0.37
1973-01-31,-3.29,-3.48,2.68,0.44
1973-02-28,-4.85,-3.99,1.7,0.41
1973-03-31,-1.3,-2.82,2.78,0.46
1973-04-30,-5.68,-3.99,5.69,0.52
1973-05-31,-2.94,-6.12,0.21,0.51
1973-06-30,-1.56,-2.95,1.44,0.51
1973-07-31,5.05,7.91,-5.31,0.64
1973-08-31,-3.82,-2.03,1.14,0.7
1973-09-30,4.75,2.94,2.18,0.68
1973-10-31,-0.83,-0.23,1.74,0.65
1973-11-30,-12.75,-7.7,4.04,0.56
1973-12-31,0.61,-5.29,4.09,0.64
1974-01-31,-0.17,9.76,5.99,0.63
1974-02-28,-0.47,0.05,2.54,0.58
1974-03-31,-2.81,2.51,-0.11,0.56
1974-04-30,-5.29,-0.71,1.06,0.75
1974-05-31,-4.68,-3.01,-2.04,0.75
1974-06-30,-2.83,-0.2,0.79,0.6
1974-07-31,-8.05,0.92,5.14,0.7
1974-08-31,-9.35,-0.68,2.5,0.6
1974-09-30,-11.77,0.27,5.49,0.81
1974-10-31,16.1,-3.51,-9.99,0.51
1974-11-30,-4.51,-1.17,-0.16,0.54
1974-12-31,-3.45,-4.84,0.0,0.7
1975-01-31,13.66,11.01,8.44,0.58
1975-02-28,5.56,0.16,-4.56,0.43
1975-03-31,2.66,3.75,2.49,0.41
1975-04-30,4.23,-0.54,-1.11,0.44
1975-05-31,5.19,3.83,-4.02,0.44
1975-06-30,4.83,0.76,1.32,0.41
1975-07-31,-6.59,2.69,1.7,0.48
1975-08-31,-2.85,-3.2,-0.9,0.48
1975-09-30,-4.26,-0.13,0.34,0.53
1975-10-31,5.31,-4.02,0.3,0.56
1975-11-30,2.64,-1.19,1.99,0.41
1975-12-31,-1.6,-0.76,1.76,0.48
1976-01-31,12.16,4.8,8.58,0.47
1976-02-29,0.32,7.03,5.78,0.34
1976-03-31,2.32,-1.17,-0.04,0.4
1976-04-30,-1.49,-0.03,-0.06,0.42
1976-05-31,-1.34,-1.24,-1.32,0.37
1976-06-30,4.05,-1.35,0.68,0.43
1976-07-31,-1.07,0.31,1.74,0.47
1976-08-31,-0.56,-2.01,0.79,0.42
1976-09-30,2.07,-0.01,-0.29,0.44
1976-10-31,-2.42,0.25,-0.13,0.41
1976-11-30,0.36,2.32,1.51,0.4
1976-12-31,5.65,3.01,2.22,0.4
1977-01-31,-4.05,4.78,4.26,0.36
1977-02-28,-1.94,1.08,0.5,0.35
1977-03-31,-1.37,0.99,1.02,0.38
1977-04-30,0.15,-0.12,3.45,0.38
1977-05-31,-1.45,1.18,0.84,0.37
1977-06-30,4.71,2.13,-0.64,0.4
1977-07-31,-1.69,2.12,-0.59,0.42
1977-08-31,-1.75,1.52,-2.79,0.44
1977-09-30,-0.27,1.45,-0.49,0.43
1977-10-31,-4.38,1.27,1.72,0.49
1977-11-30,4.0,3.72,0.31,0.5
1977-12-31,0.27,1.35,-0.37,0.49
1978-01-31,-6.01,2.22,3.31,0.49
1978-02-28,-1.38,3.59,0.76,0.46
1978-03-31,2.85,3.48,1.2,0.53
1978-04-30,7.88,0.4,-3.54,0.54
1978-05-31,1.76,4.56,-0.62,0.51
1978-06-30,-1.69,1.69,0.59,0.54
1978-07-31,5.11,0.26,-1.11,0.56
1978-08-31,3.75,5.06,-0.46,0.56
1978-09-30,-1.43,-0.39,1.87,0.62
1978-10-31,-11.91,-9.88,1.36,0.68
1978-11-30,2.71,3.01,-2.22,0.7
1978-12-31,0.88,1.24,-2.19,0.78
1979-01-31,4.23,3.66,2.27,0.77
1979-02-28,-3.56,0.45,1.2,0.73
1979-03-31,5.68,3.19,-0.67,0.81
1979-04-30,-0.06,2.18,1.05,0.8
1979-05-31,-2.21,0.57,1.92,0.82
1979-06-30,3.85,1.17,1.48,0.81
1979-07-31,0.82,1.26,1.7,0.77
1979-08-31,5.53,2.08,-1.55,0.77
1979-09-30,-0.82,-0.25,-0.87,0.83
1979-10-31,-8.1,-3.34,-1.86,0.87
1979-11-30,5.21,2.74,-3.25,0.99
1979-12-31,1.79,4.17,-1.98,0.95
1980-01-31,5.51,1.65,1.8,0.8
1980-02-29,-1.22,-1.82,0.62,0.89
1980-03-31,-12.9,-6.64,-1.06,1.21
1980-04-30,3.97,0.97,1.06,1.26
1980-05-31,5.26,2.16,0.39,0.81
1980-06-30,3.06,1.67,-0.89,0.61
1980-07-31,6.49,4.25,-6.3,0.53
1980-08-31,1.8,3.92,-2.64,0.64
1980-09-30,2.19,0.89,-4.79,0.75
1980-10-31,1.06,2.47,-2.74,0.95
1980-11-30,9.59,-3.45,-8.35,0.96
1980-12-31,-4.52,-0.28,2.68,1.31
1981-01-31,-5.04,3.0,6.84,1.04
1981-02-28,0.57,-0.31,0.97,1.07
1981-03-31,3.56,3.58,0.67,1.21
1981-04-30,-2.11,4.42,2.26,1.08
1981-05-31,0.11,2.0,-0.43,1.15
1981-06-30,-2.36,-0.85,5.13,1.35
1981-07-31,-1.54,-2.18,-0.66,1.24
1981-08-31,-7.04,-1.95,4.84,1.28
1981-09-30,-7.17,-2.66,5.2,1.24
1981-10-31,4.92,2.13,-4.21,1.21
1981-11-30,3.36,-0.96,1.9,1.07
1981-12-31,-3.65,1.17,0.74,0.87
1982-01-31,-3.24,-1.29,3.17,0.8
1982-02-28,-5.86,0.49,6.1,0.92
1982-03-31,-1.87,-0.19,3.78,0.98
1982-04-30,3.27,1.51,-2.78,1.13
1982-05-31,-3.99,0.47,1.81,1.06
1982-06-30,-3.09,-0.4,1.54,0.96
1982-07-31,-3.19,0.84,0.15,1.05
1982-08-31,11.14,-4.11,1.16,0.76
1982-09-30,1.29,2.88,0.34,0.51
1982-10-31,11.3,2.35,-3.68,0.59
1982-11-30,4.67,4.77,-1.96,0.63
1982-12-31,0.55,-0.18,0.01,0.67
1983-01-31,3.6,2.7,-0.86,0.69
1983-02-28,2.59,3.23,0.67,0.62
1983-03-31,2.82,1.77,2.07,0.63
1983-04-30,6.67,0.53,0.6,0.71
1983-05-31,0.52,6.16,-1.4,0.69
1983-06-30,3.07,0.91,-3.87,0.67
1983-07-31,-4.07,1.46,5.62,0.74
1983-08-31,-0.5,-4.3,5.55,0.76
1983-09-30,0.91,0.56,1.09,0.76
1983-10-31,-3.44,-3.6,5.06,0.76
1983-11-30,2.16,2.04,-0.62,0.7
1983-12-31,-1.78,-0.29,1.67,0.73
1984-01-31,-1.92,-0.43,7.63,0.76
1984-02-29,-4.82,-1.71,3.36,0.71
1984-03-31,0.63,0.07,0.48,0.73
1984-04-30,-0.51,-1.2,1.29,0.81
1984-05-31,-5.97,0.03,0.26,0.78
1984-06-30,1.82,-0.32,-2.6,0.75
1984-07-31,-2.74,-2.21,0.49,0.82
1984-08-31,10.28,-0.25,-1.85,0.83
1984-09-30,-0.8,0.2,5.32,0.86
1984-10-31,-0.84,-1.2,0.51,1.0
1984-11-30,-1.76,-0.62,4.08,0.73
1984-12-31,1.84,-0.6,-0.17,0.64
1985-01-31,7.99,3.27,-5.43,0.65
1985-02-28,1.22,0.76,-0.12,0.58
1985-03-31,-0.84,-1.15,4.1,0.62
1985-04-30,-0.96,0.14,3.73,0.72
1985-05-31,5.09,-2.25,-0.86,0.66
1985-06-30,1.27,0.65,0.7,0.55
1985-07-31,-0.74,2.85,-1.63,0.62
1985-08-31,-1.02,-0.34,2.28,0.55
1985-09-30,-4.54,-1.58,1.32,0.6
1985-10-31,4.02,-1.57,0.78,0.65
1985-11-30,6.48,0.23,-2.87,0.61
1985-12-31,3.88,-0.49,-1.53,0.65
1986-01-31,0.65,1.22,0.53,0.56
1986-02-28,7.13,-0.65,-0.94,0.53
1986-03-31,4.88,-0.52,-0.44,0.6
1986-04-30,-1.31,2.84,-2.85,0.52
1986-05-31,4.62,-1.32,-0.11,0.49
1986-06-30,1.03,-0.91,1.4,0.52
1986-07-31,-6.45,-3.38,4.78,0.52
1986-08-31,6.07,-4.17,3.52,0.46
1986-09-30,-8.6,2.28,3.19,0.45
1986-10-31,4.66,-2.48,-1.32,0.46
1986-11-30,1.17,-1.92,-0.06,0.39
1986-12-31,-3.27,0.08,0.37,0.49
1987-01-31,12.47,-1.81,-3.18,0.42
1987-02-28,4.39,3.49,-5.99,0.43
1987-03-31,1.64,0.37,1.66,0.47
1987-04-30,-2.11,-1.69,-0.33,0.44
1987-05-31,0.11,-0.53,0.13,0.38
1987-06-30,3.94,-2.18,1.07,0.48
1987-07-31,3.85,-0.67,0.66,0.46
1987-08-31,3.52,-0.72,-0.9,0.47
1987-09-30,-2.59,0.52,0.28,0.45
1987-10-31,-23.24,-8.43,4.23,0.6
1987-11-30,-7.77,2.77,3.14,0.35
1987-12-31,6.81,0.13,-4.49,0.39
1988-01-31,4.21,-0.77,5.08,0.29
1988-02-29,4.75,3.36,-1.65,0.46
1988-03-31,-2.27,6.16,0.74,0.44
1988-04-30,0.56,0.96,1.69,0.46
1988-05-31,-0.29,-2.64,2.3,0.51
1988-06-30,4.79,2.16,-1.07,0.49
1988-07-31,-1.25,-0.21,2.27,0.51
1988-08-31,-3.31,0.04,2.03,0.59
1988-09-30,3.3,-1.25,-0.68,0.62
1988-10-31,1.15,-2.9,1.71,0.61
1988-11-30,-2.29,-1.74,1.24,0.57
1988-12-31,1.49,1.95,-1.55,0.63
1989-01-31,6.1,-2.14,0.51,0.55
1989-02-28,-2.25,2.76,0.87,0.61
1989-03-31,1.57,0.74,0.46,0.67
1989-04-30,4.33,-0.59,-1.45,0.67
1989-05-31,3.35,-0.04,-0.82,0.79
1989-06-30,-1.35,-1.01,2.19,0.71
1989-07-31,7.2,-4.02,-2.84,0.7
1989-08-31,1.44,0.5,0.72,0.74
1989-09-30,-0.76,0.28,-1.34,0.65
1989-10-31,-3.67,-3.3,-1.03,0.68
1989-11-30,1.03,-1.24,-1.12,0.69
1989-12-31,1.16,-2.41,0.28,0.61
1990-01-31,-7.85,-1.29,0.87,0.57
1990-02-28,1.11,1.03,0.61,0.57
1990-03-31,1.83,1.52,-2.9,0.64
1990-04-30,-3.36,-0.5,-2.55,0.69
1990-05-31,8.42,-2.57,-3.74,0.68
1990-06-30,-1.09,1.43,-1.94,0.63
1990-07-31,-1.9,-3.21,-0.01,0.68
1990-08-31,-10.15,-3.58,1.58,0.66
1990-09-30,-6.12,-3.67,0.73,0.6
1990-10-31,-1.92,-5.51,0.22,0.68
1990-11-30,6.35,0.33,-3.16,0.57
1990-12-31,2.46,0.79,-1.54,0.6
1991-01-31,4.69,3.79,-1.84,0.52
1991-02-28,7.19,3.95,-0.54,0.48
1991-03-31,2.65,3.89,-1.23,0.44
1991-04-30,-0.28,0.5,1.42,0.53
1991-05-31,3.65,-0.34,-0.57,0.47
1991-06-30,-4.94,0.07,1.21,0.42
1991-07-31,4.24,-0.93,-1.25,0.49
1991-08-31,2.32,1.59,-0.78,0.46
1991-09-30,-1.59,1.63,-1.0,0.46
1991-10-31,1.29,0.9,-0.43,0.42
1991-11-30,-4.19,-0.48,-1.93,0.39
1991-12-31,10.84,-2.24,-4.03,0.38
1992-01-31,-0.59,8.47,4.51,0.34
1992-02-29,1.09,0.88,6.37,0.28
1992-03-31,-2.66,-1.03,3.65,0.34
1992-04-30,1.07,-6.12,4.31,0.32
1992-05-31,0.3,0.39,1.28,0.28
1992-06-30,-2.34,-3.09,3.4,0.32
1992-07-31,3.77,-0.44,-0.53,0.31
1992-08-31,-2.38,-0.12,-1.03,0.26
1992-09-30,1.19,0.56,-0.21,0.26
1992-10-31,1.02,2.05,-2.1,0.23
1992-11-30,4.13,3.7,-1.48,0.23
1992-12-31,1.53,1.64,2.52,0.28
1993-01-31,0.93,2.03,5.87,0.23
1993-02-28,0.12,-3.43,6.42,0.22
1993-03-31,2.3,0.23,1.22,0.25
1993-04-30,-3.05,-0.7,2.61,0.24
1993-05-31,2.89,1.96,-3.41,0.22
1993-06-30,0.31,-0.31,2.62,0.25
1993-07-31,-0.34,0.93,3.24,0.24
1993-08-31,3.71,0.32,-0.45,0.25
1993-09-30,-0.12,3.11,-0.45,0.26
1993-10-31,1.41,1.45,-1.54,0.22
1993-11-30,-1.89,-1.43,-0.27,0.25
1993-12-31,1.65,1.22,0.57,0.23
1994-01-31,2.87,0.14,2.09,0.25
1994-02-28,-2.55,2.73,-1.44,0.21
1994-03-31,-4.78,-0.98,1.31,0.27
1994-04-30,0.68,-0.93,1.68,0.27
1994-05-31,0.58,-2.02,0.2,0.31
1994-06-30,-3.03,-0.45,1.7,0.31
1994-07-31,2.82,-1.73,0.59,0.28
1994-08-31,4.01,1.34,-2.82,0.37
1994-09-30,-2.31,2.82,-1.9,0.37
1994-10-31,1.34,-2.34,-1.73,0.38
1994-11-30,-4.04,0.27,-0.94,0.37
1994-12-31,0.86,0.04,0.55,0.44
1995-01-31,1.8,-2.65,0.83,0.42
1995-02-28,3.63,-0.67,1.08,0.4
1995-03-31,2.19,-0.7,-1.07,0.46
1995-04-30,2.11,-0.62,2.26,0.44
1995-05-31,2.9,-2.2,1.69,0.54
1995-06-30,2.72,2.93,-2.27,0.47
1995-07-31,3.72,2.09,-1.68,0.45
1995-08-31,0.55,1.6,2.71,0.47
1995-09-30,3.35,-2.1,-0.76,0.43
1995-10-31,-1.52,-3.74,-0.75,0.47
1995-11-30,3.96,-1.17,0.94,0.42
1995-12-31,1.03,0.57,0.86,0.49
1996-01-31,2.26,-2.62,0.3,0.43
1996-02-29,1.33,1.88,-1.42,0.39
1996-03-31,0.73,1.3,1.0,0.39
1996-04-30,2.06,4.92,-3.9,0.46
1996-05-31,2.36,3.04,-1.2,0.42
1996-06-30,-1.14,-3.58,1.56,0.4
1996-07-31,-5.97,-3.83,4.45,0.45
1996-08-31,2.77,2.3,-0.46,0.41
1996-09-30,5.01,-0.88,-3.14,0.44
1996-10-31,0.86,-4.44,5.12,0.42
1996-11-30,6.25,-3.89,1.16,0.41
1996-12-31,-1.7,3.2,0.9,0.46
1997-01-31,4.98,-1.84,-1.64,0.45
1997-02-28,-0.49,-2.9,5.19,0.39
1997-03-31,-5.02,-0.38,3.81,0.43
1997-04-30,4.04,-5.66,-0.07,0.43
1997-05-31,6.74,4.89,-3.87,0.49
1997-06-30,4.1,1.32,1.23,0.37
1997-07-31,7.33,-2.8,0.84,0.43
1997-08-31,-4.15,7.31,1.38,0.41
1997-09-30,5.35,2.61,0.02,0.44
1997-10-31,-3.8,-0.68,1.96,0.42
1997-11-30,2.98,-4.94,0.78,0.39
1997-12-31,1.32,-2.35,3.46,0.48
1998-01-31,0.15,-1.15,-1.45,0.43
1998-02-28,7.04,0.0,-0.13,0.39
1998-03-31,4.76,-0.94,1.06,0.39
1998-04-30,0.73,0.21,0.74,0.43
1998-05-31,-3.07,-3.75,4.16,0.4
1998-06-30,3.18,-3.16,-2.32,0.41
1998-07-31,-2.46,-5.12,-0.97,0.4
1998-08-31,-16.08,-5.3,3.41,0.43
1998-09-30,6.15,-0.12,-3.31,0.46
1998-10-31,7.13,-3.32,-2.2,0.32
1998-11-30,6.1,1.07,-3.14,0.31
1998-12-31,6.16,-0.33,-4.46,0.38
1999-01-31,3.5,0.39,-4.03,0.35
1999-02-28,-4.08,-5.68,1.4,0.35
1999-03-31,3.45,-3.94,-2.64,0.43
1999-04-30,4.33,3.99,2.51,0.37
1999-05-31,-2.46,3.42,2.4,0.34
1999-06-30,4.77,3.06,-3.59,0.4
1999-07-31,-3.49,2.67,-0.76,0.38
1999-08-31,-1.38,-1.28,-1.31,0.39
1999-09-30,-2.79,3.32,-3.4,0.39
1999-10-31,6.12,-6.94,-2.88,0.39
1999-11-30,3.37,7.37,-6.51,0.36
1999-12-31,7.72,7.11,-8.74,0.44
2000-01-31,-4.74,4.96,-0.29,0.41
2000-02-29,2.45,21.71,-9.93,0.43
2000-03-31,5.2,-16.87,7.37,0.47
2000-04-30,-6.4,-7.73,8.61,0.46
2000-05-31,-4.42,-5.1,2.56,0.5
2000-06-30,4.64,13.86,-9.86,0.4
2000-07-31,-2.51,-2.79,8.14,0.48
2000-08-31,7.03,-1.13,-0.68,0.5
2000-09-30,-5.45,-1.39,6.24,0.51
2000-10-31,-2.76,-3.76,5.52,0.56
2000-11-30,-10.72,-2.79,11.3,0.51
2000-12-31,1.19,0.97,7.33,0.5
2001-01-31,3.13,6.57,-4.9,0.54
2001-02-28,-10.05,-0.74,12.9,0.38
2001-03-31,-7.26,0.34,6.45,0.42
2001-04-30,7.94,0.52,-4.69,0.39
2001-05-31,0.72,2.6,3.14,0.32
2001-06-30,-1.94,6.05,-1.06,0.28
2001-07-31,-2.13,-4.35,5.58,0.3
2001-08-31,-6.46,2.49,2.5,0.31
2001-09-30,-9.25,-6.13,1.6,0.28
2001-10-31,2.46,7.63,-8.1,0.22
2001-11-30,7.54,-0.41,2.0,0.17
2001-12-31,1.61,4.57,1.1,0.15
2002-01-31,-1.44,1.19,3.33,0.14
2002-02-28,-2.29,-1.1,2.5,0.13
2002-03-31,4.24,4.23,1.11,0.13
2002-04-30,-5.2,5.94,3.93,0.15
2002-05-31,-1.38,-3.21,1.69,0.14
2002-06-30,-7.21,4.26,0.13,0.13
2002-07-31,-8.18,-5.3,-3.41,0.15
2002-08-31,0.5,-2.44,2.49,0.14
2002-09-30,-10.35,2.57,1.31,0.14
2002-10-31,7.84,-2.9,-5.46,0.14
2002-11-30,5.96,2.84,-1.15,0.12
2002-12-31,-5.76,0.0,2.25,0.11
2003-01-31,-2.57,1.39,-0.93,0.1
2003-02-28,-1.88,-0.34,-1.46,0.09
2003-03-31,1.09,0.89,-2.09,0.1
2003-04-30,8.22,0.57,1.03,0.1
2003-05-31,6.05,4.7,-0.3,0.09
2003-06-30,1.42,1.67,0.66,0.1
2003-07-31,2.35,5.25,-1.15,0.07
2003-08-31,2.34,2.6,2.03,0.07
2003-09-30,-1.24,0.79,0.02,0.08
2003-10-31,6.08,2.68,1.76,0.07
2003-11-30,1.35,2.01,1.86,0.07
2003-12-31,4.29,-3.01,2.42,0.08
2004-01-31,2.15,2.8,1.97,0.07
2004-02-29,1.4,-1.43,0.49,0.06
2004-03-31,-1.32,1.75,0.21,0.09
2004-04-30,-1.83,-2.06,-2.62,0.08
2004-05-31,1.17,-0.21,-0.39,0.06
2004-06-30,1.86,2.26,1.38,0.08
2004-07-31,-4.06,-3.8,4.1,0.1
2004-08-31,0.08,-1.63,1.03,0.11
2004-09-30,1.6,3.03,-0.25,0.11
2004-10-31,1.43,0.31,-0.62,0.11
2004-11-30,4.54,3.91,1.79,0.15
2004-12-31,3.43,0.12,-0.06,0.16
2005-01-31,-2.76,-1.51,1.97,0.16
2005-02-28,1.89,-0.51,1.63,0.16
2005-03-31,-1.97,-1.39,1.58,0.21
2005-04-30,-2.61,-3.99,-0.34,0.21
2005-05-31,3.65,2.89,-0.81,0.24
2005-06-30,0.57,2.62,2.62,0.23
2005-07-31,3.92,2.93,-0.51,0.24
2005-08-31,-1.22,-0.92,1.27,0.3
2005-09-30,0.49,-0.58,0.77,0.29
2005-10-31,-2.02,-1.21,0.23,0.27
2005-11-30,3.61,0.91,-1.18,0.31
2005-12-31,-0.25,-0.46,0.44,0.32
2006-01-31,3.04,5.42,1.12,0.35
2006-02-28,-0.3,-0.38,-0.25,0.34
2006-03-31,1.46,3.55,0.61,0.37
2006-04-30,0.73,-1.34,2.59,0.36
2006-05-31,-3.57,-3.04,2.55,0.43
2006-06-30,-0.35,-0.35,0.87,0.4
2006-07-31,-0.78,-4.08,2.94,0.4
2006-08-31,2.03,0.9,-1.72,0.42
2006-09-30,1.84,-1.37,0.05,0.41
2006-10-31,3.23,1.73,-0.04,0.41
2006-11-30,1.71,0.86,0.07,0.42
2006-12-31,0.87,-1.1,3.16,0.4
2007-01-31,1.4,0.1,-0.11,0.44
2007-02-28,-1.96,1.32,-0.09,0.38
2007-03-31,0.68,-0.06,-0.22,0.43
2007-04-30,3.49,-2.06,-1.15,0.44
2007-05-31,3.24,0.03,-0.05,0.41
2007-06-30,-1.96,0.77,-1.13,0.4
2007-07-31,-3.73,-2.51,-3.34,0.4
2007-08-31,0.92,-0.13,-2.24,0.42
2007-09-30,3.22,-2.29,-1.87,0.32
2007-10-31,1.8,0.22,-2.59,0.32
2007-11-30,-4.83,-2.63,-1.18,0.34
2007-12-31,-0.87,0.2,-0.52,0.27
2008-01-31,-6.36,-0.89,3.65,0.21
2008-02-29,-3.09,-0.23,-0.95,0.13
2008-03-31,-0.93,0.94,-0.15,0.17
2008-04-30,4.6,-1.64,-0.96,0.18
2008-05-31,1.86,3.22,-1.38,0.18
2008-06-30,-8.44,1.27,-2.43,0.17
2008-07-31,-0.77,2.47,5.81,0.15
2008-08-31,1.53,3.61,1.56,0.13
2008-09-30,-9.24,-1.13,6.33,0.15
2008-10-31,-17.23,-2.34,-2.9,0.08
2008-11-30,-7.86,-2.99,-5.94,0.03
2008-12-31,1.74,3.59,-0.24,0.0
2009-01-31,-8.12,-0.01,-11.1,0.0
2009-02-28,-10.1,0.16,-7.25,0.01
2009-03-31,8.95,-0.08,3.52,0.02
2009-04-30,10.19,4.83,5.46,0.01
2009-05-31,5.21,-2.33,-0.21,0.0
2009-06-30,0.43,2.61,-2.71,0.01
2009-07-31,7.72,2.07,5.27,0.01
2009-08-31,3.33,-0.9,7.76,0.01
2009-09-30,4.08,2.45,0.92,0.01
2009-10-31,-2.59,-4.23,-4.18,0.0
2009-11-30,5.56,-2.49,-0.17,0.0
2009-12-31,2.75,6.11,0.01,0.01
2010-01-31,-3.36,0.38,0.31,0.0
2010-02-28,3.4,1.21,3.17,0.0
2010-03-31,6.31,1.43,2.1,0.01
2010-04-30,2.0,4.98,2.81,0.01
2010-05-31,-7.89,0.05,-2.38,0.01
2010-06-30,-5.56,-1.98,-4.5,0.01
2010-07-31,6.93,0.17,-0.26,0.01
2010-08-31,-4.77,-3.0,-1.96,0.01
2010-09-30,9.54,3.92,-3.12,0.01
2010-10-31,3.88,1.14,-2.59,0.01
2010-11-30,0.6,3.71,-0.9,0.01
2010-12-31,6.82,0.69,3.82,0.01
2011-01-31,1.99,-2.46,0.83,0.01
2011-02-28,3.49,1.52,1.08,0.01
2011-03-31,0.45,2.6,-1.57,0.01
2011-04-30,2.9,-0.35,-2.53,0.0
2011-05-31,-1.27,-0.71,-2.07,0.0
2011-06-30,-1.75,-0.17,-0.33,0.0
2011-07-31,-2.36,-1.3,-1.23,0.0
2011-08-31,-5.99,-3.06,-2.44,0.01
2011-09-30,-7.59,-3.49,-1.46,0.0
2011-10-31,11.35,3.41,-0.17,0.0
2011-11-30,-0.28,-0.17,-0.34,0.0
2011-12-31,0.74,-0.71,1.75,0.0
2012-01-31,5.05,2.15,-1.11,0.0
2012-02-29,4.42,-1.75,0.09,0.0
2012-03-31,3.11,-0.6,0.87,0.0
2012-04-30,-0.85,-0.51,-0.46,0.0
2012-05-31,-6.19,0.02,-0.62,0.01
2012-06-30,3.89,0.77,0.44,0.0
2012-07-31,0.79,-2.59,-0.26,0.0
2012-08-31,2.55,0.42,1.32,0.01
2012-09-30,2.73,0.51,1.54,0.01
2012-10-31,-1.76,-1.14,3.79,0.01
2012-11-30,0.78,0.58,-0.96,0.01
2012-12-31,1.18,1.47,3.56,0.01
2013-01-31,5.57,0.39,0.95,0.0
2013-02-28,1.29,-0.45,0.03,0.0
2013-03-31,4.03,0.78,-0.29,0.0
2013-04-30,1.55,-2.42,0.63,0.0
2013-05-31,2.8,1.67,2.6,0.0
2013-06-30,-1.2,1.22,-0.18,0.0
2013-07-31,5.65,1.86,0.56,0.0
2013-08-31,-2.71,0.3,-2.78,0.0
2013-09-30,3.77,2.93,-1.19,0.0
2013-10-31,4.18,-1.49,1.14,0.0
2013-11-30,3.12,1.24,0.24,0.0
2013-12-31,2.81,-0.5,-0.31,0.0
2014-01-31,-3.32,0.86,-2.09,0.0
2014-02-28,4.65,0.32,-0.4,0.0
2014-03-31,0.43,-1.89,5.08,0.0
2014-04-30,-0.19,-4.25,1.14,0.0
2014-05-31,2.06,-1.85,-0.27,0.0
2014-06-30,2.61,3.07,-0.74,0.0
2014-07-31,-2.04,-4.24,0.01,0.0
2014-08-31,4.24,0.36,-0.58,0.0
2014-09-30,-1.97,-3.83,-1.23,0.0
2014-10-31,2.52,4.23,-1.68,0.0
2014-11-30,2.55,-2.09,-2.99,0.0
2014-12-31,-0.06,2.54,2.06,0.0
2015-01-31,-3.11,-0.56,-3.47,0.0
2015-02-28,6.13,0.48,-1.79,0.0
2015-03-31,-1.12,3.02,-0.46,0.0
2015-04-30,0.59,-2.97,1.86,0.0
2015-05-31,1.36,0.87,-1.37,0.0
2015-06-30,-1.53,2.83,-0.79,0.0
2015-07-31,1.54,-4.14,-4.12,0.0
2015-08-31,-6.04,0.48,2.68,0.0
2015-09-30,-3.08,-2.64,0.52,0.0
2015-10-31,7.75,-1.97,-0.08,0.0
2015-11-30,0.56,3.64,-0.52,0.0
2015-12-31,-2.17,-2.82,-2.58,0.01
2016-01-31,-5.77,-3.36,2.1,0.01
2016-02-29,-0.07,0.78,-0.48,0.02
2016-03-31,6.96,0.87,1.12,0.02
2016-04-30,0.92,0.68,3.26,0.01
2016-05-31,1.78,-0.26,-1.81,0.01
2016-06-30,-0.05,0.65,-1.49,0.02
2016-07-31,3.95,2.65,-1.1,0.02
2016-08-31,0.5,1.14,3.33,0.02
2016-09-30,0.25,2.01,-1.5,0.02
2016-10-31,-2.02,-4.36,4.17,0.02
2016-11-30,4.86,5.51,8.32,0.01
2016-12-31,1.82,0.05,3.55,0.03
2017-01-31,1.94,-1.01,-2.76,0.04
2017-02-28,3.57,-2.0,-1.78,0.04
2017-03-31,0.17,1.19,-3.16,0.03
2017-04-30,1.09,0.73,-1.87,0.05
2017-05-31,1.06,-2.54,-3.77,0.06
2017-06-30,0.78,2.15,1.35,0.06
2017-07-31,1.87,-1.4,-0.28,0.07
2017-08-31,0.16,-1.69,-2.24,0.09
2017-09-30,2.51,4.52,3.03,0.09
2017-10-31,2.25,-1.94,-0.06,0.09
2017-11-30,3.12,-0.66,-0.05,0.08
2017-12-31,1.06,-1.26,0.14,0.09
2018-01-31,5.58,-3.03,-1.37,0.11
2018-02-28,-3.65,0.28,-1.19,0.11
2018-03-31,-2.35,3.93,-0.11,0.12
2018-04-30,0.29,1.1,0.53,0.14
2018-05-31,2.65,5.24,-3.16,0.14
2018-06-30,0.48,1.17,-2.39,0.14
2018-07-31,3.19,-2.17,0.4,0.16
2018-08-31,3.44,1.26,-4.11,0.16
2018-09-30,0.06,-2.35,-1.35,0.15
2018-10-31,-7.68,-4.69,3.41,0.19
2018-11-30,1.69,-0.78,0.2,0.18
2018-12-31,-9.55,-2.58,-1.51,0.19
2019-01-31,8.41,3.02,-0.6,0.21
2019-02-28,3.4,2.02,-2.84,0.18
2019-03-31,1.1,-3.15,-4.08,0.19
