DATE,vwretd,vwretx,totval,usdval_thds,usdval_bill,crsp_div
19270131,0.002416,0.000053,30457880.9,30266794.4,30.2667944,
19270228,0.045367,0.04117,31953471.3,30415915.7,30.4159157,0.127029736
19270331,0.003756,-0.002242,31914640.1,31819948.2,31.8199482,0.182434662
19270430,0.007225,0.005134,32173935.3,31791256.6,31.7912566,0.066535512
19270531,0.057773,0.053623,34245736.1,32069194.8,32.0691948,0.131933715
19270630,-0.021087,-0.027406,33526101.2,34204273.8,34.2042738,0.202645242
19270730,0.075279,0.072869,35804068.4,33356951.1,33.3569511,0.0824323
19270831,0.02249,0.018438,36645466.7,35541619.2,35.5416192,0.135162366
19270930,0.049924,0.045003,39953116.6,36568812.4,36.5688124,0.174900308
19271031,-0.04077,-0.042594,38150716.1,39709539.9,39.7095399,0.066701514
19271130,0.068453,0.063299,40447439.4,37848373.7,37.8483737,0.204662969
19271231,0.023782,0.018206,41806899.3,40272832.2,40.2728322,0.211042532
19280131,-0.00334,-0.005101,41155932.8,40895657.4,40.8956574,0.070920458
19280229,-0.014478,-0.018119,40298678.6,40787075.4,40.7870754,0.148901089
19280331,0.090478,0.085582,43946023.2,40067043.9,40.0670439,0.199693521
19280430,0.043846,0.042082,45761043.5,43743364.2,43.7433642,0.070678265
19280531,0.01769,0.01395,46689799.9,45704880.5,45.7048805,0.163600182
19280630,-0.045245,-0.050289,44600923.6,46410369.6,46.4103696,0.230535417
19280731,0.0094,0.007626,45217671.8,44527037.2,44.5270372,0.082331996
19280831,0.070206,0.066186,48489919.6,45199679.6,45.1996796,0.17899869
19280929,0.031498,0.02804,50127369.2,48254739.6,48.2547396,0.156300492
19281031,0.019228,0.01765,51252490.7,49894470.3,49.8944703,0.076145979
19281130,0.1215,0.116383,57564519.2,51155984.9,51.1559849,0.255310005
19281231,0.005557,0.001348,59829707.9,57315574,57.315574,0.21531554
19290131,0.053935,0.052346,63751694.9,59630158.4,59.6301584,0.091074447
19290228,-0.000446,-0.003386,62941161,63429030.1,63.4290301,0.175312666
19290328,-0.007808,-0.011795,62898768,62706827.8,62.7068278,0.252891543
19290430,0.017179,0.015795,65326754.1,62697288,62.697288,0.08678625
19290531,-0.059923,-0.06397,62300380.6,64994343.6,64.9943436,0.253735925
19290629,0.101573,0.098075,69380855.4,62245727.3,62.2457273,0.227350214
19290731,0.045958,0.044149,72706424.4,68940596,68.940596,0.112602521
19290830,0.085343,0.081953,80134353.8,72311128.1,72.3111281,0.23370862
19290930,-0.050455,-0.053236,76152615.4,79339540.4,79.3395404,0.201097247
19291031,-0.196684,-0.198513,61913687,75182027.9,75.1820279,0.145112019
19291127,-0.123812,-0.127992,54017414.9,61290884.9,61.2908849,0.314260877
19291231,0.01639,0.010773,56455416.7,53788989.4,53.7889894,0.3442709
19300131,0.058407,0.055806,60429023.8,56415086.2,56.4150862,0.139905161
19300228,0.028242,0.024348,61898780.9,60372980.8,60.3729808,0.219680346
19300331,0.074631,0.070571,66833297.8,61767854.2,61.7678542,0.245114302
19300430,-0.020541,-0.02246,65542319.1,66460779.8,66.4607798,0.118532512
19300529,-0.01401,-0.017611,65184314.1,65370659.9,65.3706599,0.239325268
19300630,-0.15998,-0.164259,54435394.1,64478754,64.478754,0.279721054
19300731,0.041964,0.039529,57849321.2,54409532.6,54.4095326,0.157005766
19300829,0.003663,-0.000581,58228874.7,57605096,57.605096,0.230914056
19300930,-0.124805,-0.129438,50299775.6,57629259.6,57.6292596,0.26688441
19301031,-0.086579,-0.089129,46291111.1,50172735.8,50.1727358,0.146954612
19301129,-0.028057,-0.031917,45053815.7,46214066.3,46.2140663,0.19366676
19301231,-0.077739,-0.084436,41641850.9,44889659.8,44.8896598,0.309495602
19310131,0.063792,0.06107,44233807.2,41593487.4,41.5934874,0.122189654
19310228,0.109695,0.10477,48937324.8,44202733.5,44.2027335,0.204847925
19310331,-0.062866,-0.067999,45502731,48525478.5,48.5254785,0.226892631
19310430,-0.100219,-0.102367,40867246.9,45324300.4,45.3243004,0.104232728
19310529,-0.133836,-0.138385,35352945.5,40844756.1,40.8447561,0.206180243
19310630,0.14034,0.133177,40049272.8,35307946.9,35.3079469,0.292570988
19310731,-0.066438,-0.069027,37260591.6,39996463.6,39.9964636,0.091412275
19310831,0.003078,-0.001547,37096785.8,37090640.4,37.0906404,0.184983644
19310930,-0.291731,-0.296941,25722595.5,36379694.1,36.3796941,0.193242236
19311031,0.081509,0.078213,27740364.1,25632028.2,25.6320282,0.119907472
19311130,-0.088402,-0.094908,25120457.8,27678912.2,27.6789122,0.166761975
19311231,-0.134971,-0.143493,21544308.1,24991440.4,24.9914404,0.23587969
19320130,-0.010534,-0.012963,21345663.4,21526568.8,21.5265688,0.060704209
19320229,0.057663,0.05059,22389672.8,21301516,21.301516,0.152257421
19320331,-0.110599,-0.117978,19826566,22351964.9,22.3519649,0.157183887
19320430,-0.179417,-0.182032,16156813.1,19750040.8,19.7500408,0.058450388
19320531,-0.206198,-0.212804,12678019.5,16090269.9,16.0902699,0.13046877
19320630,-0.004289,-0.015854,12392611.7,12654131.8,12.6541318,0.186083971
19320730,0.340643,0.338162,16579624.8,12353196.4,12.3531964,0.031394901
19320831,0.371386,0.365312,22672413,16576762.8,16.5767628,0.075033315
19320930,-0.028649,-0.034609,21886058.7,22648753,22.648753,0.098797506
19321031,-0.132553,-0.134024,18889022.3,21809277.2,21.8092772,0.033316316
19321130,-0.05826,-0.063512,17697715.1,18824076.8,18.8240768,0.114542324
19321231,0.045227,0.036537,18339302.2,17658233.9,17.6582339,0.163581227
19330131,0.009813,0.007889,18536591.6,18333864.3,18.3338643,0.033974442
19330228,-0.153204,-0.158071,15600182.9,18534273.6,18.5342736,0.089230918
19330331,0.033105,0.02503,15813731.9,15429864,15.429864,0.149664259
19330429,0.394143,0.392133,22159068.1,15788144.8,15.7881448,0.031014027
19330531,0.213261,0.209702,26825922.2,22135288.7,22.1352887,0.056190007
19330630,0.133364,0.128762,30299248.3,26746346.6,26.7463466,0.101866599
19330731,-0.096341,-0.097262,27399882.4,30284033.1,30.2840331,0.024633385
19330831,0.121285,0.118881,30684781.4,27348443.2,27.3484432,0.072802816
19330930,-0.105836,-0.109931,27231512.9,30567105.1,30.5671051,0.111991875
19331031,-0.08365,-0.085047,24950664.7,27220087.9,27.2200879,0.042702246
19331129,0.099896,0.094806,27400411.1,24924405.4,24.9244054,0.138550247
19331230,0.017876,0.013525,27775752.2,27394283.5,27.3942835,0.108446088
19340131,0.126779,0.125078,31241572.2,27750008,27.750008,0.046597676
19340228,-0.024287,-0.027694,30429138.7,31224127.7,31.2241277,0.094544277
19340331,0.004425,0.000179,30379245.6,30373704.9,30.3737049,0.132577646
19340430,-0.018345,-0.019743,29865697.7,30366089.4,30.3660894,0.042462439
19340531,-0.072273,-0.075352,27612799.9,29849091.7,29.8490917,0.093497189
19340630,0.025344,0.020823,28164146.3,27576371.6,27.5763716,0.134947744
19340731,-0.109366,-0.111132,24986019.8,28056819.9,28.0568199,0.048699872
19340831,0.057043,0.051711,26767180.1,24962394.3,24.9623943,0.149598964
19340929,-0.002362,-0.006753,26487053.8,26624697.9,26.6246979,0.109609873
19341031,-0.018895,-0.020333,26092254.2,26444729.9,26.4447299,0.038286316
19341130,0.082095,0.077484,28157905.9,26091382.4,26.0913824,0.12193665
19341231,0.003554,-0.001824,28113229.6,28157905.9,28.1579059,0.140319455
19350131,-0.033416,-0.035249,27097822.8,28094595.1,28.0945951,0.051613442
19350228,-0.019462,-0.023779,26324446.5,26961638.4,26.9616384,0.121284367
19350330,-0.036013,-0.041139,25101317.7,26039674.6,26.0396746,0.138205358
19350430,0.090452,0.088987,27646747.2,25101037.9,25.1010379,0.038148123
19350531,0.034561,0.030658,28514274.7,27632030.6,27.6320306,0.097969351
19350629,0.057796,0.053032,30033506.6,28508076.8,28.5080768,0.131638994
19350731,0.07416,0.072613,32144750.1,29793787.4,29.7937874,0.044101995
19350831,0.026773,0.022979,32977159.2,32141164.2,32.1411642,0.113037629
19350930,0.026074,0.021727,33700508.1,32885151.1,32.8851511,0.139717641
19351031,0.069439,0.06792,35968841.3,33682421.1,33.6824211,0.049952545
19351130,0.052872,0.047898,37713163.8,35939281.3,35.9392813,0.167536363
19351231,0.046926,0.042495,39582694.2,37653201.3,37.6532013,0.159246955
19360131,0.069559,0.067749,42272563.6,39563550.2,39.5635502,0.068152294
19360229,0.025402,0.02223,43302576.1,42242068.6,42.2420686,0.125495581
19360331,0.008253,0.004881,43361377.8,42870618.1,42.8706181,0.142440255
19360430,-0.081481,-0.082646,40281534.8,43358361.7,43.3583617,0.04994427
19360529,0.052043,0.047488,42225379.9,40273492.3,40.2734923,0.197497338
19360630,0.024671,0.020754,43221826.4,42217514.5,42.2175145,0.157751269
19360731,0.065954,0.064326,46034040.5,43206701.4,43.2067014,0.068730114
19360831,0.01095,0.006605,46342114.1,45996893.5,45.9968935,0.187733118
19360930,0.011899,0.007962,46808203.1,46302712.1,46.3027121,0.18108977
19361031,0.069986,0.068469,50082903.1,46643283.8,46.6432838,0.070241214
19361130,0.032854,0.024019,51389078,50028655.6,50.0286556,0.412093412
19361231,0.002796,-0.003385,51610120.7,51273162,51.273162,0.30922712
19370130,0.033258,0.031836,53291983.8,51521139.2,51.5211392,0.072910436
19370227,0.013114,0.010212,53954079.2,53253714.7,53.2537147,0.149514346
19370331,-0.002732,-0.006259,53910122.7,53936766.7,53.9367667,0.187825852
19370430,-0.075416,-0.076577,49881318.8,53850083.2,53.8500832,0.062620586
19370528,-0.007054,-0.011904,49310875.8,49871728.2,49.8717282,0.261172904
19370630,-0.041748,-0.046272,47231598.9,49292452.8,49.2924528,0.225619698
19370731,0.089725,0.088116,51346540.4,47226198.9,47.2261989,0.079311557
19370831,-0.048365,-0.052758,48758362.2,51329040.4,51.3290404,0.207464692
19370930,-0.136623,-0.141279,41956288.3,48748703.5,48.7487035,0.238988012
19371030,-0.095798,-0.097368,37993021.6,41953355.8,41.9533558,0.076535464
19371130,-0.083053,-0.095202,34367681.4,37993021.6,37.9930216,0.50969132
19371231,-0.040774,-0.050004,32636697.3,34258946.6,34.2589466,0.350675589
19380131,0.006776,0.005111,33089179.8,32636697.3,32.6366973,0.057041146
19380228,0.058013,0.053921,34830549.9,33045044.5,33.0450445,0.133549365
19380331,-0.238416,-0.243128,26427238.6,34750224.9,34.7502249,0.15570825
19380430,0.145963,0.14406,30261304.5,26379744.1,26.3797441,0.066129678
19380531,-0.039053,-0.043677,29010665.1,30260637,30.260637,0.121979937
19380630,0.237914,0.232474,35685196.6,28950365.1,28.9503651,0.164617865
19380730,0.072097,0.070628,38212860.2,35635678.4,35.6356784,0.042528086
19380831,-0.027139,-0.030484,37047081.7,38202055.7,38.2020557,0.119201344
19380930,0.008912,0.004989,37231197.4,37047081.7,37.0470817,0.149866665
19381031,0.078927,0.077477,40112983.4,37201937.2,37.2019372,0.053718268
19381130,-0.018206,-0.023255,39188031.6,40110606.4,40.1106064,0.187832581
19381231,0.041919,0.036519,40503948.4,39172689.8,39.1726898,0.216597275
19390131,-0.060381,-0.061611,37925799.4,40387555.4,40.3875554,0.048182408
19390228,0.035255,0.031195,39226769.7,37924111.9,37.9241119,0.163973475
19390331,-0.120727,-0.124673,34333815.2,39208179.7,39.2081797,0.149648546
19390429,-0.001932,-0.003436,34221640.3,34279850.1,34.2798501,0.058969102
19390531,0.068971,0.064244,36469843.1,34216196.6,34.2161966,0.162040851
19390630,-0.053626,-0.058185,34361046.1,36449025.5,36.4490255,0.15599164
19390731,0.102243,0.100681,37771800.6,34296116.6,34.2961166,0.056933378
19390831,-0.067264,-0.071789,35013042.2,37712190.6,37.7121906,0.155189928
19390930,0.161815,0.15731,40539978.1,35012558.3,35.0125583,0.169893419
19391031,-0.004191,-0.005407,40328803.4,40538563.7,40.5385637,0.042575271
19391130,-0.037131,-0.045817,38498241.2,40327280.9,40.3272809,0.352117964
19391230,0.029686,0.022795,39426600.2,38495978.2,38.4959782,0.277895293
19400131,-0.024215,-0.025613,38533043.7,39420000.2,39.4200002,0.053817378
19400229,0.014758,0.009782,38916710,38533043.7,38.5330437,0.196153921
19400330,0.018643,0.014604,39518662.1,38916710,38.91671,0.155634964
19400430,0.000837,-0.00093,39494279.7,39518662.1,39.5186621,0.068765827
19400531,-0.221112,-0.227036,30548265,39491900.2,39.4919002,0.234108554
19400629,0.066856,0.061117,32433146.8,30548265,30.548265,0.226644015
19400731,0.031923,0.030031,33422836.4,32433146.8,32.4331468,0.057797317
19400831,0.024296,0.017631,34002889.7,33413784.7,33.4137847,0.216166923
19400930,0.023118,0.018192,34665958.9,34001652,34.001652,0.164596303
19401031,0.030143,0.028254,35654698.5,34664437.1,34.6644371,0.064229121
19401130,-0.016752,-0.026882,34730508.9,35654698.5,35.6546985,0.351150748
19401231,0.006586,-0.001261,34823119.7,34726025.5,34.7260255,0.279782419
19410131,-0.041227,-0.042853,33370915.1,34821619.7,34.8216197,0.056464517
19410228,-0.013801,-0.019944,32702122.8,33354062.6,33.3540626,0.21390921
19410331,0.009515,0.00386,32840146.7,32702122.8,32.7021228,0.188617224
19410430,-0.054018,-0.055862,31012670,32833295.8,32.8332958,0.060302714
19410531,0.01314,0.005156,31177512.8,31012670,31.01267,0.262141034
19410630,0.058495,0.051569,32787801,31177383.4,31.1773834,0.214793752
19410731,0.059543,0.057281,34700928.5,32784261,32.784261,0.070523241
19410830,-0.001156,-0.007953,34472096.7,34700802.5,34.7008025,0.222834622
19410930,-0.007611,-0.012758,34057316.9,34472025.2,34.4720252,0.17860503
19411031,-0.052926,-0.0553,32209432.7,34057316.9,34.0573169,0.081836588
19411129,-0.020271,-0.032685,31137234.8,32199176.8,32.1991768,0.422787532
19411231,-0.046692,-0.056609,29493311.5,31137234.8,31.1372348,0.319319236
19420131,0.008979,0.007175,29705375.3,29491311.5,29.4913115,0.056171572
19420228,-0.023651,-0.02997,28815872.3,29705375.3,29.7053753,0.186355597
19420331,-0.065144,-0.071734,26761999.2,28803472.7,28.8034727,0.195758423
19420430,-0.043583,-0.045992,25548513.9,26755873.4,26.7558734,0.069387566
19420529,0.060174,0.052393,26893925.1,25548513.9,25.5485139,0.208187451
19420630,0.025772,0.018226,27382783.6,26892795.2,26.8927952,0.192789086
19420731,0.035326,0.032815,28277068,27369608.8,27.3696088,0.067527809
19420831,0.018408,0.01192,28626060.6,28277068,28.277068,0.177574022
19420930,0.027069,0.021072,29232043.4,28626060.6,28.6260606,0.169577577
19421031,0.069088,0.067053,31183138.9,29223605.9,29.2236059,0.058254033
19421130,0.001177,-0.009144,30897989.5,31183138.9,31.1831389,0.301616836
19421231,0.05129,0.042483,32230307.6,30895209.1,30.8952091,0.274629904
19430130,0.073382,0.071869,34560889.1,32230307.6,32.2303076,0.046744451
19430227,0.060478,0.055342,36495945.5,34551888.6,34.5518886,0.16553486
19430331,0.061794,0.056727,38558608.9,36485862,36.485862,0.17507442
19430430,0.007333,0.00584,38776707.7,38543051.4,38.5430514,0.054473392
19430529,0.057142,0.051725,40779354.1,38750314.4,38.7503144,0.208787709
19430630,0.017351,0.012271,41289414.3,40760180.1,40.7601801,0.196851597
19430731,-0.047753,-0.049281,39912177.8,41282536.8,41.2825368,0.062281555
19430831,0.013444,0.008795,40123653.2,39905986.8,39.9059868,0.191922514
19430930,0.024077,0.019105,40893060,40111790.7,40.1117907,0.198412566
19431030,-0.011573,-0.012763,40485138.6,40888372.2,40.8883722,0.047733031
19431130,-0.059903,-0.068563,37746620.5,40484529.6,40.4845296,0.354093303
19431231,0.064217,0.056945,39769111.3,37587932.9,37.5879329,0.294403499
19440131,0.01803,0.016629,40653798.8,39766762.8,39.7667628,0.052660694
19440229,0.003459,-0.001591,40620641.5,40653196.8,40.6531968,0.200822152
19440331,0.024768,0.019977,41425735,40620641.5,40.6206415,0.194769466
19440429,-0.016484,-0.017836,40703909.4,41425735,41.425735,0.054919107
19440531,0.050909,0.044927,42494077.3,40654800.4,40.6548004,0.247808747
19440630,0.056842,0.051524,44725503.5,42487651.3,42.4876513,0.216202229
19440731,-0.015194,-0.016613,44016221.8,44721402.9,44.7214029,0.060289977
19440831,0.015597,0.010417,44504045.9,44012909.3,44.0129093,0.231656867
19440930,0.000453,-0.003469,44391234.9,44501627.9,44.5016279,0.17261863
19441031,0.002119,0.000611,44423701.5,44381490.8,44.3814908,0.067108455
19441130,0.016668,0.007608,44768621.4,44417404,44.417404,0.402096307
19441230,0.04107,0.035301,46856309.4,44696039.2,44.6960392,0.256244004
19450131,0.020218,0.018951,47861970.3,46844993.4,46.8449934,0.056629882
19450228,0.064477,0.059894,50725183.6,47858157.8,47.8581578,0.214690605
19450331,-0.039177,-0.043164,48551743.8,50708180.3,50.7081803,0.190810475
19450430,0.078232,0.076981,52320643.2,48481223.8,48.4812238,0.063435934
19450531,0.018185,0.012439,53195465.9,52316335.2,52.3163352,0.278573112
19450630,0.004676,0.001087,53280582.2,53191215.9,53.1912159,0.187763327
19450731,-0.022066,-0.023305,52100238.7,53280582.2,53.2805822,0.065903917
19450831,0.061826,0.057147,55085728.9,52092513.7,52.0925137,0.249299844
19450929,0.048297,0.044969,57574558.4,55072603.9,55.0726039,0.173363886
19451031,0.038749,0.037605,59843229.6,57567987.2,57.5679872,0.063003059
19451130,0.054859,0.047862,62791336.9,59823062.1,59.8230621,0.402803206
19451231,0.013003,0.009218,64330622.1,62682905.9,62.6829059,0.22643029
19460131,0.063402,0.062228,68731812.2,64320113.1,64.3201131,0.073589732
19460228,-0.058257,-0.061743,64569815.2,68702989.2,68.7029892,0.224219914
19460330,0.057941,0.05462,68233191.8,64569815.2,64.5698152,0.228162627
19460430,0.042293,0.041154,71172742.7,68233191.8,68.2331918,0.07354502
19460531,0.040195,0.036075,74107548.4,71169180.2,71.1691802,0.28112075
19460628,-0.038668,-0.041517,71074175.8,74084893.4,74.0848934,0.202760994
19460731,-0.026309,-0.027697,69502251.4,71074175.8,71.0741758,0.102829832
19460830,-0.064468,-0.06842,64837647.7,69500808.2,69.5008082,0.280885143
19460930,-0.102023,-0.10541,58060902.1,64807247.9,64.8072479,0.235399237
19461031,-0.014164,-0.015903,57167870.2,58038367.3,58.0383673,0.112699804
19461130,0.000697,-0.006475,56835601.4,57152991.7,57.1529917,0.41625117
19461231,0.050161,0.043412,59684383.6,56835601.4,56.8356014,0.385725541
19470131,0.013084,0.011536,60526667.4,59684383.6,59.6843836,0.087981511
19470228,-0.011091,-0.016381,59499052.9,60526667.4,60.5266674,0.315730389
19470331,-0.01679,-0.020805,58418819.4,59420504.1,59.4205041,0.24301457
19470430,-0.047698,-0.049487,55589691.9,58418819.4,58.4188194,0.106303282
19470529,-0.009625,-0.016317,54724421.8,55587879.4,55.5878794,0.390938739
19470630,0.053226,0.048538,57529909.8,54714859.2,54.7148592,0.260595979
19470731,0.041348,0.039342,59903329.3,57472609.8,57.4726098,0.109758008
19470829,-0.017357,-0.022668,58761652.3,59903329.3,59.9033293,0.305237031
19470930,-0.004667,-0.009473,58303587.2,58761652.3,58.7616523,0.287895401
19471031,0.024831,0.022847,59635995.6,58288080.9,58.2880809,0.116583118
19471129,-0.01875,-0.028514,58106114.1,59635995.6,59.6359956,0.569124822
19471231,0.030708,0.023249,59885360.7,58106114.1,58.1061141,0.444824891
19480131,-0.037908,-0.039685,57712665.3,59885360.7,59.8853607,0.103254565
19480228,-0.043422,-0.049502,54814210.5,57628192.8,57.6281928,0.364102993
19480331,0.082628,0.076865,59197575.9,54814210.5,54.8142105,0.332111275
19480430,0.038128,0.035972,61466980.1,59106440.9,59.1064409,0.118179438
19480528,0.074319,0.068382,65705104.8,61466980.1,61.4669801,0.35091494
19480630,-0.00028,-0.005419,65379874.8,65702479.8,65.7024798,0.315878811
19480730,-0.050288,-0.05175,61917670.8,65251242.1,65.2512421,0.096057025
19480831,0.003762,-0.0029,61768642.9,61915420.8,61.9154208,0.434703775
19480930,-0.029813,-0.035123,59651125,61743162.9,61.7431629,0.328770884
19481030,0.060316,0.057425,63079798.3,59638478.1,59.6384781,0.178499484
19481130,-0.092077,-0.102565,56644518.4,63079798.3,63.0797983,0.625488358
19481231,0.032566,0.024024,58301258.2,56644518.4,56.6445184,0.538827637
19490131,0.003074,0.001118,58472474.5,58301258.2,58.3012582,0.110796678
19490228,-0.028852,-0.036237,56507502.4,58472474.5,58.4724745,0.430554792
19490331,0.041537,0.035339,58559914.8,56505439.9,56.5054399,0.362412397
19490430,-0.017972,-0.020566,57516447.1,58559914.8,58.5599148,0.146575111
19490531,-0.028488,-0.035515,55568472.9,57516447.1,57.5164471,0.411500521
19490630,0.00218,-0.004382,55347129.8,55522972.9,55.5229729,0.377422926
19490729,0.056377,0.054776,58511144,55257325.8,55.2573258,0.08889228
19490831,0.026916,0.018887,59665079.9,58495644,58.495644,0.443661069
19490930,0.032082,0.027265,61622369.6,59665079.9,59.6650799,0.281773517
19491031,0.031801,0.030002,63446520.8,61622369.6,61.6223696,0.107337479
19491130,0.018535,0.004549,63869080,63446520.8,63.4465208,0.861850461
19491231,0.052267,0.044769,67344403.4,63831393,63.831393,0.475722013
19500131,0.017764,0.015872,68546982,67309640.9,67.3096409,0.120768996
19500228,0.015234,0.008173,69166503.1,68546982,68.546982,0.475273374
19500331,0.012742,0.007457,70025751.8,69166503.1,69.1665031,0.3622708
19500429,0.040678,0.038736,72768915.4,70023720.6,70.0237206,0.134321349
19500531,0.044173,0.036817,75787265.9,72766815.4,72.7668154,0.515094489
19500630,-0.058018,-0.062799,71044150.4,75681950.9,75.6819509,0.347898144
19500731,0.016122,0.014577,72227888.4,71043847.4,71.0438474,0.116928614
19500831,0.050875,0.040213,75228994.4,72227888.4,72.2278884,0.757469501
19500929,0.049044,0.044122,78695005.8,75228994.4,75.2289944,0.355505667
19501031,-0.001184,-0.002931,78547971.9,78690568.3,78.6905683,0.131425053
19501130,0.029056,0.012268,79529141.1,78547971.9,78.5479719,1.321057261
19501230,0.057946,0.051048,84833973.9,79494416,79.494416,0.54182391
19510131,0.058735,0.056761,89821367.9,84818498.4,84.8184984,0.156921977
19510228,0.014086,0.007435,90671487.8,89806876.1,89.8068761,0.564127833
19510331,-0.021115,-0.025753,88759457.7,90646700.1,90.6467001,0.416524291
19510430,0.050061,0.048488,93183088.6,88759457.7,88.7594577,0.142587259
19510531,-0.022464,-0.02997,90515704.1,93183088.6,93.1830886,0.666228489
19510629,-0.025533,-0.029834,88262493.9,90515704.1,90.5157041,0.400780464
19510731,0.071611,0.070243,94482895.5,88257368.9,88.2573689,0.123825483
19510831,0.045004,0.03675,97941440,94451832.8,94.4518328,0.728476323
19510928,0.009087,0.005339,98477508.7,97928745.5,97.9287455,0.354005469
19511031,-0.022629,-0.024556,96107802.9,98477508.7,98.4775087,0.188708693
19511130,0.006193,-0.004035,95971264.4,96027897.9,96.0278979,1.007227959
19511231,0.035266,0.030241,100725150,95971264.4,95.9712644,0.482540187
19520131,0.017002,0.01542,102408916,100725150,100.72515,0.15182654
19520229,-0.025141,-0.032328,99137901.3,102408916,102.408916,0.723911653
19520331,0.04587,0.041726,103564260,99132038.4,99.1320384,0.424382548
19520430,-0.049148,-0.050847,98363134.4,103559167,103.559167,0.168425333
19520529,0.032847,0.025367,100960672,98363134.4,98.3631344,0.774622569
19520630,0.039575,0.035588,104657381,100945070,100.94507,0.392173817
19520731,0.011404,0.009897,105764722,104657381,104.657381,0.15212422
19520829,-0.006733,-0.013803,104261698,105764722,105.764722,0.739927684
19520930,-0.019147,-0.023065,102115737,104261698,104.261698,0.414386181
19521031,-0.005309,-0.00696,101316166,102021472,102.021472,0.172136063
19521128,0.059347,0.049762,106401986,101298088,101.298088,0.977875809
19521231,0.031066,0.026399,111187860,106388063,106.388063,0.472758177
19530130,-0.001644,-0.002728,110941958,111184079,111.184079,0.11532466
19530227,-0.00182,-0.009109,110010868,110919023,110.919023,0.810420752
19530331,-0.012862,-0.016681,108145450,109933905,109.933905,0.423599749
19530430,-0.027705,-0.029126,105230314,108145450,108.14545,0.156216079
19530529,0.006921,-0.000349,105398651,105144679,105.144679,0.786217422
19530630,-0.016377,-0.020523,103306735,105398651,105.398651,0.435929839
19530731,0.025111,0.023557,105740183,103280337,103.280337,0.163789504
19530831,-0.044056,-0.051365,100318016,105729539,105.729539,0.754875983
19530930,0.00301,-0.001313,100220875,100282196,100.282196,0.457068797
19531030,0.047523,0.045928,104727877,100177287,100.177287,0.159950103
19531130,0.028501,0.018445,106874579,104700478,104.700478,1.007382798
19531231,0.000678,-0.004642,108286194,106874579,106.874579,0.557006543
19540129,0.052722,0.0515,113895704,108280694,108.280694,0.130600736
19540226,0.017551,0.010325,115084497,113895704,113.895704,0.782436295
19540331,0.037377,0.033374,118925885,115080060,115.08006,0.455924503
19540430,0.043162,0.041819,124094615,118918352,118.918352,0.154552521
19540528,0.031704,0.025208,127191814,123982191,123.982191,0.772493615
19540630,0.01156,0.007767,128253185,127191814,127.191814,0.47026445
19540730,0.050668,0.049442,134623576,128248591,128.248591,0.155937164
19540831,-0.022763,-0.029369,130583965,134334342,134.334342,0.847210192
19540930,0.064633,0.061381,138686714,130583965,130.583965,0.43685528
19541029,-0.016216,-0.017622,136199557,138570275,138.570275,0.183601055
19541130,0.095387,0.086046,147831943,136188189,136.188189,1.294384939
19541231,0.055469,0.051806,159614395,147827662,147.827662,0.498857336
19550131,0.006838,0.006027,160540962,159377566,159.377566,0.119888234
19550228,0.031354,0.025725,165072868,160495862,160.495862,0.897136319
19550331,-0.000995,-0.004256,164337718,164971554,164.971554,0.523377006
19550429,0.032352,0.031343,169583268,164288325,164.288325,0.166456298
19550531,0.012033,0.00645,170483988,169322128,169.322128,0.917221718
19550630,0.066108,0.063181,181601452,170483988,170.483988,0.495605869
19550729,0.020246,0.019366,185125300,180982766,180.982766,0.150025909
19550831,0.004197,-0.001579,185100170,185086155,185.086155,1.045356456
19550930,-0.002009,-0.004543,184129796,184870978,184.870978,0.469008317
19551031,-0.025752,-0.026812,178920742,183645269,183.645269,0.195963237
19551130,0.071864,0.062697,190520413,178920742,178.920742,1.683476181
19551230,0.016543,0.01339,197213978,190326437,190.326437,0.5641371
19560131,-0.028119,-0.029475,191445948,197161964,197.161964,0.258082649
19560229,0.03961,0.034439,198171160,191444942,191.444942,1.019524516
19560329,0.068456,0.065641,212017665,198166191,198.166191,0.538917512
19560430,0.005083,0.004136,212910643,212017665,212.017665,0.187663383
19560531,-0.049309,-0.054848,201359063,212890281,212.890281,1.174365846
19560629,0.037251,0.03454,208101994,201266777,201.266777,0.577145552
19560731,0.05083,0.049531,218482380,208032393,208.032393,0.261445543
19560831,-0.02982,-0.034965,210719647,218172825,218.172825,1.070326662
19560928,-0.049608,-0.052064,200488460,210666571,210.666571,0.535832458
19561031,0.007292,0.005534,201370913,200233307,200.233307,0.370351832
19561130,0.004678,-0.002238,200809905,201347350,201.34735,1.384813551
19561231,0.034957,0.031548,211375251,200809905,200.809905,0.686393116
19570131,-0.032121,-0.033529,204530798,211235766,211.235766,0.282740346
19570228,-0.018703,-0.024198,200023624,204502242,204.502242,1.160740534
19570329,0.024112,0.020947,204455009,200023624,200.023624,0.647249596
19570430,0.045179,0.043785,213848579,204446854,204.446854,0.278832932
19570531,0.036679,0.031177,221158139,213793248,213.793248,1.124866591
19570628,-0.005054,-0.007812,219540387,221085069,221.085069,0.589641778
19570731,0.008938,0.007362,221698538,219520574,219.520574,0.348430069
19570830,-0.050051,-0.055226,209678250,221644544,221.644544,1.13601897
19570930,-0.057586,-0.060387,197008021,209627944,209.627944,0.620826368
19571031,-0.041251,-0.04305,188781112,196890452,196.890452,0.377120671
19571129,0.025605,0.018521,192819806,188745835,188.745835,1.394771962
19571231,-0.03736,-0.041179,187753792,192553126,192.553126,0.720820344
19580131,0.049595,0.048239,196376950,187443017,187.443017,0.261102039
19580228,-0.014257,-0.020351,192287819,196304236,196.304236,1.142277746
19580331,0.0337,0.030263,198763615,192243175,192.243175,0.674697659
19580430,0.030833,0.029282,204807572,198763615,198.763615,0.298169164
19580529,0.024582,0.019186,208616830,204693903,204.693903,1.072528467
19580630,0.029493,0.026265,214023052,208361626,208.361626,0.660751919
19580731,0.044844,0.043276,223015579,213939576,213.939576,0.32671103
19580829,0.019181,0.014464,226100002,222794651,222.794651,1.00915298
19580930,0.04868,0.045746,236327473,225921488,225.921488,0.653679506
19581031,0.027184,0.025739,242335529,236184804,236.184804,0.32645655
19581128,0.03061,0.025441,248938946,242335529,242.335529,1.220839252
19581231,0.053099,0.050293,267804898,248754956,248.754956,0.679993494
19590130,0.00912,0.008122,270711180,267804898,267.804898,0.248257446
19590227,0.01122,0.006813,272558420,270643984,270.643984,1.180216185
19590331,0.004669,0.002113,273007793,272211599,272.211599,0.691766023
19590430,0.037899,0.036877,283381668,272971614,272.971614,0.278200254
19590529,0.019595,0.015364,288172001,283381668,283.381668,1.154942899
19590630,0.000676,-0.001865,287839200,288170741,288.170741,0.720072818
19590731,0.034362,0.033327,297499307,287597200,287.5972,0.298256717
19590831,-0.012446,-0.016502,292609999,297485357,297.485357,1.166494243
19590930,-0.044977,-0.047403,278902307,292609999,292.609999,0.721699476
19591030,0.015746,0.014613,283172761,278811224,278.811224,0.331527129
19591130,0.018557,0.013272,287118978,283070819,283.070819,1.473517319
19591231,0.028043,0.025271,299021494,286945455,286.945455,0.78467231
19600129,-0.066244,-0.067191,278996928,298951654,298.951654,0.271737346
19600229,0.014419,0.009714,282326057,278990103,278.990103,1.406567532
19600331,-0.012822,-0.015488,278159487,282283392,282.283392,0.743787615
19600429,-0.015271,-0.016329,273807755,278116438,278.116438,0.298655829
19600531,0.034098,0.029279,282146236,273765241,273.765241,1.340243115
19600630,0.022833,0.020134,288136229,282146236,282.146236,0.738892385
19600729,-0.022705,-0.023635,281661173,287908563,287.908563,0.262395999
19600831,0.032215,0.027065,289333471,281303878,281.303878,1.482729099
19600930,-0.058673,-0.06086,272307316,289307268,289.307268,0.615211581
19601031,-0.004705,-0.005921,270712394,272286481,272.286481,0.351797638
19601130,0.048617,0.042646,282261348,270683411,270.683411,1.625822578
19601230,0.048537,0.04623,299423865,282092378,282.092378,0.624466629
19610131,0.063952,0.062787,318421966,299298900,299.2989,0.32863762
19610228,0.037005,0.032834,328937437,318394798,318.394798,1.248375712
19610330,0.03061,0.028347,339806367,328922309,328.922309,0.720527428
19610428,0.005645,0.004884,341881853,339686483,339.686483,0.250309877
19610531,0.025894,0.021619,349494365,341881853,341.881853,1.452159715
19610630,-0.028499,-0.03057,338886860,348900379,348.900379,0.708037318
19610731,0.029955,0.029207,350321849,338709386,338.709386,0.260977483
19610831,0.026854,0.021872,358322940,350210444,350.210444,1.687450161
19610929,-0.01999,-0.021266,350935373,358196943,358.196943,0.446868527
19611031,0.027331,0.026092,360667013,350765923,350.765923,0.443806012
19611130,0.045451,0.039879,375333555,360579569,360.579569,1.954467723
19611229,0.000713,-0.000599,378064824,375181470,375.18147,0.473080395
19620131,-0.036147,-0.037488,364665092,377977327,377.977327,0.503118351
19620228,0.019512,0.015252,371979171,364536184,364.536184,1.610183413
19620330,-0.004688,-0.006113,369437300,371515292,371.515292,0.519464062
19620430,-0.063435,-0.064212,345937603,369195911,369.195911,0.288667382
19620531,-0.08462,-0.089763,315141998,345833305,345.833305,1.89877457
19620629,-0.082615,-0.084336,287510458,315020366,315.020366,0.595179118
19620731,0.065438,0.064129,333171296,287198521,287.198521,0.412361659
19620831,0.023417,0.017888,339268978,333071603,333.071603,1.587920623
19620928,-0.050156,-0.051784,321975418,339134675,339.134675,0.54224057
19621031,0.002184,0.000427,321862346,321697468,321.697468,0.595859624
19621130,0.110137,0.102924,355051088,321754697,321.754697,2.320403837
19621231,0.011865,0.010056,360094344,354926308,354.926308,0.582054247
19630131,0.051848,0.050475,378456656,360071461,360.071461,0.487313821
19630228,-0.021931,-0.026608,368526739,378311036,378.311036,1.684054223
19630329,0.032917,0.031233,380298778,368287382,368.287382,0.637075785
19630430,0.047439,0.046435,398528240,380237995,380.237995,0.369760532
19630531,0.020051,0.014726,404613679,398303425,398.303425,2.024767323
19630628,-0.01803,-0.019459,396986570,404328648,404.328648,0.569175594
19630731,-0.001718,-0.002995,395750077,396730324,396.730324,0.516327683
19630830,0.052684,0.048035,415160422,395708988,395.708988,1.844399276
19630930,-0.011898,-0.013317,409718288,414732898,414.732898,0.561511054
19631031,0.027708,0.026276,420372992,409193779,409.193779,0.59389751
19631129,-0.005549,-0.011692,413917007,419919837,419.919837,2.513677384
19631231,0.021736,0.019978,424618266,411888749,411.888749,0.738219073
19640131,0.02579,0.024731,437651545,424279026,424.279026,0.436190185
19640228,0.017207,0.012653,444492707,437505595,437.505595,1.932166684
19640331,0.017636,0.015967,452022205,444221262,444.221262,0.730196838
19640430,0.004608,0.003672,455775656,451868420,451.86842,0.415791101
19640528,0.017403,0.012531,461942488,455566665,455.566665,2.201502942
19640630,0.01508,0.013413,468073902,461244649,461.244649,0.759429631
19640731,0.020118,0.019127,477818842,467603478,467.603478,0.457093447
19640831,-0.011266,-0.015575,470305397,477336620,477.33662,2.014903387
19640930,0.03048,0.028792,484458915,470090113,470.090113,0.805744215
19641030,0.008869,0.00773,487972765,483837484,483.837484,0.535432639
19641130,0.003089,-0.002673,484526774,487946514,487.946514,2.787871583
19641231,0.00369,0.001939,490134900,484359224,484.359224,0.854394346
19650129,0.038646,0.037663,508868132,489859244,489.859244,0.476125117
19650226,0.006946,0.002634,510269554,508506032,508.506032,2.11227306
19650331,-0.009715,-0.011428,505896929,510083429,510.083429,0.871070833
19650430,0.033652,0.032737,522849217,505709900,505.7099,0.466726338
19650528,-0.00435,-0.009102,519311933,522757200,522.7572,2.403133445
19650630,-0.051868,-0.053591,491607566,518626471,518.626471,0.900710656
19650730,0.016759,0.015871,499283225,490936823,490.936823,0.460540306
19650831,0.030883,0.026133,512374462,499069826,499.069826,2.331949909
19650930,0.031952,0.030357,527974011,512198155,512.198155,0.796016372
19651029,0.029271,0.028212,543355237,527724704,527.724704,0.542417846
19651130,0.003065,-0.002961,541240233,542330132,542.330132,3.180069066
19651231,0.013545,0.011976,552707745,540479178,540.479178,0.850915977
19660131,0.012122,0.011231,559237005,551571721,551.571721,0.481566948
19660228,-0.008621,-0.013014,551907491,558855022,558.855022,2.42305457
19660331,-0.020923,-0.022746,539522772,551841706,551.841706,1.018792705
19660429,0.024837,0.023854,552100198,538969236,538.969236,0.542460397
19660531,-0.052539,-0.057483,521690192,551651981,551.651981,2.664663903
19660630,-0.010317,-0.012063,515842452,521129014,521.129014,0.963184359
19660729,-0.01287,-0.013831,509213022,515312264,515.312264,0.500804982
19660831,-0.075388,-0.080712,468282312,508676194,508.676194,2.743522494
19660930,-0.006958,-0.008695,463864204,467448885,467.448885,0.883570549
19661031,0.042294,0.041171,483010860,463631229,463.631229,0.524945098
19661130,0.017516,0.010606,488588303,482783232,482.783232,3.203691792
19661230,0.00621,0.004409,495609544,488292907,488.292907,0.869492601
19670131,0.08553,0.084077,537648696,495443985,495.443985,0.709489594
19670228,0.010945,0.006257,542025153,537592996,537.592996,2.322641402
19670331,0.043384,0.041582,564273527,541516144,541.516144,0.968742579
19670428,0.041609,0.040697,587687580,563913102,563.913102,0.493862723
19670531,-0.039293,-0.044217,560452068,585810303,585.810303,2.776708114
19670630,0.026903,0.025341,574776952,559703674,559.703674,0.915035693
19670731,0.049189,0.048277,601298485,573103663,573.103663,0.510449751
19670831,-0.006282,-0.011073,594818903,600794563,600.794563,2.745739649
19670929,0.034286,0.032875,613846339,592609411,592.609411,0.847721128
19671031,-0.027433,-0.02865,595433236,611091965,611.091965,0.721205653
19671130,0.007902,0.002565,597142150,594745488,594.745488,3.261397817
19671229,0.033699,0.032203,628636310,595924989,595.924989,0.88973925
19680131,-0.03633,-0.037829,603715928,626521164,626.521164,0.893291559
19680229,-0.033624,-0.038107,580364417,602397319,602.397319,2.808694378
19680329,0.005116,0.00374,583403393,580027619,580.027619,0.828898711
19680430,0.094148,0.09273,635671606,581172847,581.172847,0.822479164
19680531,0.027041,0.022494,650689814,635071377,635.071377,2.642592935
19680628,0.011527,0.010037,657705465,649394028,649.394028,0.946256352
19680730,-0.022024,-0.023162,641618415,655359658,655.359658,0.739010404
19680830,0.018038,0.013495,652880161,640851191,640.851191,2.977298926
19680930,0.044454,0.043207,680737045,650058567,650.058567,0.799141435
19681031,0.009041,0.007467,685337172,678902039,678.902039,1.023192184
19681129,0.058502,0.054125,724506343,684248039,684.248039,2.971554225
19681231,-0.033873,-0.035363,718331607,723116336,723.116336,1.019529578
19690131,-0.006711,-0.007725,713793188,717381570,717.38157,0.733239965
19690228,-0.05364,-0.057882,673820223,712479691,712.479691,3.04313262
19690328,0.030506,0.029062,694302694,672113889,672.113889,1.028820674
19690430,0.020526,0.019345,709934873,692961791,692.961791,0.793766503
19690529,0.00504,0.000241,709933953,706755914,706.755914,3.325523635
19690630,-0.067387,-0.068958,661215317,707608249,707.608249,1.110313541
19690731,-0.065172,-0.066373,618817052,660775850,660.77585,0.849837507
19690829,0.05149,0.046517,649955591,618286555,618.286555,3.286038302
19690930,-0.02259,-0.024167,634452327,648456614,648.456614,0.975037897
19691031,0.055638,0.053771,669478907,633979741,633.979741,1.210668498
19691128,-0.032164,-0.036678,645502785,669119851,669.119851,2.861784551
19691231,-0.019681,-0.021471,641070805,643308411,643.308411,1.197724533
19700130,-0.073254,-0.074519,593462115,640266174,640.266174,0.81378514
19700227,0.056706,0.051651,626774700,592922467,592.922467,3.23654551
19700331,-0.004729,-0.006569,623346402,626175869,626.175869,1.090977339
19700430,-0.105318,-0.106393,556437329,622791010,622.79101,0.673139059
19700529,-0.064346,-0.069931,517871769,556080327,556.080327,3.478287791
19700630,-0.051067,-0.053372,490902596,517516779,517.516779,1.281765154
19700731,0.074169,0.072132,529619161,490514946,490.514946,1.054181679
19700831,0.050036,0.044584,553710278,529251498,529.251498,2.674287486
19700930,0.047536,0.045601,579881242,553584123,553.584123,1.024101649
19701030,-0.018208,-0.02045,568663839,579757853,579.757853,1.241135604
19701130,0.050448,0.045354,595526498,568218373,568.218373,2.953286503
19701231,0.060723,0.058969,639976313,594756275,594.756275,0.996655026
19710129,0.05203,0.050772,673192166,639222691,639.222691,0.748203394
19710226,0.016913,0.012413,681679062,672792634,672.792634,2.87650211
19710331,0.044778,0.042972,712512170,681297165,681.297165,1.215063497
19710430,0.033332,0.0323,736103648,712087022,712.087022,0.703098674
19710528,-0.036409,-0.040737,707722848,735610495,735.610495,3.081912631
19710630,0.003119,0.001385,707866276,705912243,705.912243,1.275548598
19710730,-0.040283,-0.041317,680451744,707500675,707.500675,0.729913259
19710831,0.042511,0.037666,707452389,680306818,680.306818,3.42784077
19710930,-0.005016,-0.006491,703806397,707393506,707.393506,1.003452557
19711029,-0.040682,-0.042346,674534869,703806397,703.806397,1.177102794
19711130,-0.001262,-0.005696,671737987,674413533,674.413533,3.120677564
19711231,0.091257,0.089557,747603983,671184034,671.184034,1.146503006
19720131,0.028383,0.027169,768832937,746939773,746.939773,0.814817417
19720229,0.031349,0.027272,791278450,768789485,768.789485,3.045273455
19720330,0.008722,0.007247,797664613,791034515,791.034515,1.13396449
19720428,0.005505,0.004723,802944861,797359375,797.359375,0.618588991
19720531,0.016375,0.01196,813025777,801612434,801.612434,3.520341641
19720630,-0.020896,-0.022412,796151270,812863448,812.863448,1.21524445
19720731,-0.004254,-0.00531,792629676,795673086,795.673086,0.858383801
19720831,0.035966,0.031857,819934215,791751644,791.751644,3.26942071
19720929,-0.007671,-0.009085,814290246,819876625,819.876625,1.119536825
19721031,0.008676,0.007358,820693685,813882608,813.882608,1.080597392
19721130,0.049764,0.045305,858343477,820319078,820.319078,3.629102549
19721229,0.011243,0.009903,1011699520,858262800,858.2628,1.099227565
19730131,-0.027452,-0.028652,983762788,1010803210,1010.80321,1.02991536
19730228,-0.04437,-0.047916,936255916,982658566,982.658566,3.584308183
19730330,-0.007859,-0.009333,928088780,935214591,935.214591,1.448438726
19730430,-0.051766,-0.052962,879338711,927440903,927.440903,1.118516651
19730531,-0.024511,-0.02878,853978089,878044735,878.044735,3.959245215
19730629,-0.008646,-0.010422,844998136,853268079,853.268079,1.559407449
19730731,0.056956,0.05551,892076976,844249572,844.249572,1.233825642
19730831,-0.029657,-0.034039,861321862,890976082,890.976082,3.699501625
19730928,0.053935,0.052533,907698931,860208351,860.208351,1.249148467
19731031,-0.000414,-0.00214,906580908,907391049,907.391049,1.484719614
19731130,-0.120708,-0.125552,792046496,904978831,904.978831,4.395402241
19731231,0.011438,0.009422,798596750,788766117,788.766117,1.824437323
19740131,0.004413,0.002807,800367193,797888293,797.888293,1.266758384
19740228,0.002346,-0.002451,797627538,799407575,799.407575,3.827470142
19740329,-0.023364,-0.025299,777537450,797161363,797.161363,1.546853658
19740430,-0.04596,-0.047694,740307407,777026313,777.026313,1.382277803
19740531,-0.041981,-0.04732,705435042,739697813,739.697813,4.148543485
19740628,-0.022942,-0.025407,687011267,704741234,704.741234,1.823355109
19740731,-0.070874,-0.072695,636791204,686477744,686.477744,1.283333787
19740830,-0.087757,-0.094578,575993205,635982513,635.982513,4.682464692
19740930,-0.109718,-0.112274,511241708,575289267,575.289267,1.625571303
19741031,0.165584,0.162459,594249797,510798046,510.798046,1.797778959
19741129,-0.041046,-0.048241,567941693,593202256,593.202256,3.675191941
19741231,-0.027005,-0.030302,552899062,567348349,567.348349,1.955787838
19750131,0.1416,0.139591,630264445,552367714,552.367714,1.139802833
19750228,0.058412,0.051629,664344496,629561930,629.56193,3.746710204
19750331,0.03019,0.027442,688114555,663822278,663.822278,1.730036184
19750430,0.046497,0.044432,720520922,687679953,687.679953,1.370793004
19750530,0.05514,0.049542,757536935,720046341,720.046341,3.849632377
19750630,0.051473,0.048958,795648301,756459193,756.459193,1.810916548
19750731,-0.060385,-0.062318,746476228,795190073,795.190073,1.46223562
19750829,-0.023557,-0.02896,724702957,745488713,745.488713,4.296411964
19750930,-0.03801,-0.040486,695987377,724303614,724.303614,1.845830053
19751031,0.055857,0.053273,732826809,694833995,694.833995,1.871600539
19751128,0.031223,0.025803,753391476,732494484,732.494484,3.766000253
19751231,-0.010998,-0.013677,743823196,752827810,752.82781,1.962352723
19760130,0.126012,0.124372,836275386,742685588,742.685588,1.234637608
19760227,0.00731,0.002081,840564324,835556711,835.556711,3.88350294
19760331,0.02674,0.024295,861210734,839482173,839.482173,2.042936158
19760430,-0.010402,-0.011668,852496715,860744575,860.744575,1.062784431
19760528,-0.009326,-0.015305,840820273,851754004,851.754004,5.146391814
19760630,0.044522,0.042169,876832702,839587849,839.587849,2.004177171
19760730,-0.006135,-0.007573,870127931,874885892,874.885892,1.207327327
19760831,-0.001398,-0.007387,860188460,863671249,863.671249,5.239691607
19760930,0.024512,0.022385,886419892,859877277,859.877277,1.837028747
19761029,-0.020373,-0.02225,867216529,884916300,884.9163,1.613989649
19761130,0.005361,-0.001441,869231861,866827642,866.827642,6.019200673
19761231,0.061593,0.059302,921734164,865969597,865.969597,1.985902128
19770131,-0.036328,-0.037997,886017711,919351123,919.351123,1.445303257
19770228,-0.015744,-0.021769,867342288,883813444,883.813444,5.539090516
19770331,-0.009249,-0.011797,859008060,865898430,865.89843,2.251956655
19770429,0.004962,0.003564,863682492,858766299,858.766299,1.210526005
19770531,-0.010777,-0.018005,848914926,862867791,862.867791,6.207162809
19770630,0.051369,0.048712,892883904,848300131,848.300131,2.292639721
19770729,-0.012806,-0.014162,880793436,891564038,891.564038,1.150294978
19770831,-0.013338,-0.020278,863621922,879868688,879.868688,6.187454424
19770930,0.001572,-0.001008,864208357,862775790,862.77579,2.270061215
19771031,-0.039278,-0.041312,827420582,862243988,862.243988,1.754885957
19771130,0.04544,0.037081,859363062,826700857,826.700857,7.207497496
19771230,0.008223,0.005497,865931904,857668147,857.668147,2.253586536
19780131,-0.055199,-0.057209,814200360,863792799,863.792799,1.723912975
19780228,-0.009275,-0.0167,800520180,813786752,813.786752,6.413661533
19780331,0.034009,0.030865,825041523,799476856,799.476856,2.558545548
19780428,0.082853,0.081203,891434309,823012509,823.012509,1.319136812
19780531,0.02323,0.015499,903968680,888993064,888.993064,6.362709707
19780630,-0.010748,-0.01374,893184968,902347276,902.347276,2.659867247
19780731,0.056741,0.054868,942043982,891700215,891.700215,1.690096448
19780831,0.04237,0.035504,975441695,938958123,938.958123,6.122413676
19780929,-0.006889,-0.009456,968737695,974464594,974.464594,2.410305502
19781031,-0.110995,-0.1136,858636795,967348426,967.348426,2.538480267
19781130,0.033787,0.025752,881293929,856861425,856.861425,7.772644603
19781229,0.017708,0.01458,898729770,879900479,879.900479,2.680262537
19790131,0.04953,0.047019,939364890,895229648,895.229648,2.209430103
19790228,-0.026765,-0.033781,905311773,936040543,936.040543,6.28093121
19790330,0.065613,0.062472,961414964,902849201,902.849201,2.940103346
19790430,0.00852,0.006438,966364206,959968485,959.968485,1.879732036
19790531,-0.013571,-0.021458,944691651,963740633,963.740633,7.571271441
19790629,0.046852,0.043821,986566219,942497911,942.497911,2.921097859
19790731,0.014991,0.012773,998608422,983995190,983.99519,2.090460367
19790831,0.064732,0.057305,1056618500,997375173,997.375173,7.308132276
19790928,0.001426,-0.000932,1055898040,1054661020,1054.66102,2.351810658
19791031,-0.072662,-0.07547,975493974,1053861040,1053.86104,2.961488144
19791130,0.063604,0.05581,1032276900,974148192,974.148192,8.213792946
19791231,0.028215,0.025174,1068232690,1029208370,1029.20837,2.962384652
19800131,0.065607,0.063303,1130708920,1062297050,1062.29705,2.371296084
19800229,0.001015,-0.00574,1123302510,1127977420,1127.97742,7.175816573
19800331,-0.120224,-0.123258,984015287,1119769070,1119.76907,3.422283492
19800430,0.052287,0.049833,1034713240,981507780,981.50778,2.747913298
19800530,0.06009,0.052629,1091257580,1032795150,1032.79515,7.323029547
19800630,0.037714,0.034438,1131658430,1089587810,1089.58781,3.383436911
19800731,0.069438,0.067066,1210362370,1130307180,1130.30718,2.584502285
19800829,0.023553,0.017236,1234931550,1208512690,1208.51269,7.140150456
19800930,0.029498,0.026617,1274399060,1231313490,1231.31349,3.48172506
19801031,0.020095,0.01737,1296360210,1272164290,1272.16429,3.35532926
19801128,0.104952,0.09901,1424848050,1293158220,1293.15822,7.559200211
19801231,-0.03441,-0.03704,1385311430,1417974480,1417.97448,3.401006119
19810130,-0.040087,-0.041825,1328864470,1383186450,1383.18645,2.464439646
19810227,0.015521,0.009123,1340834470,1326283890,1326.28389,8.849626907
19810331,0.046184,0.043096,1399748350,1336227550,1336.22755,4.095564652
19810430,-0.011268,-0.013037,1383922080,1392976250,1392.97625,2.363786536
19810529,0.01355,0.007405,1398709040,1381686710,1381.68671,8.559839056
19810630,-0.010243,-0.013357,1383914190,1393740140,1393.74014,4.302572415
19810731,-0.00308,-0.004806,1379523790,1381112550,1381.11255,2.405595482
19810831,-0.056279,-0.063012,1293719330,1374164570,1374.16457,9.299030799
19810930,-0.063773,-0.066713,1206271340,1288191310,1288.19131,4.040043836
19811030,0.060162,0.057005,1267330270,1196474290,1196.47429,4.066819966
19811130,0.045849,0.039226,1322524260,1265380300,1265.3803,7.924249223
19811231,-0.028096,-0.031104,1288270800,1318219290,1318.21929,3.806263942
19820129,-0.02621,-0.027913,1250132120,1285105240,1285.10524,2.244927451
19820226,-0.051126,-0.058639,1176227330,1248835940,1248.83594,9.654995668
19820331,-0.010099,-0.014053,1149972630,1164686140,1164.68614,4.937897307
19820430,0.043267,0.041422,1195309100,1143492820,1143.49282,2.148845928
19820528,-0.028212,-0.036596,1151262980,1190697490,1190.69749,9.587043803
19820630,-0.023912,-0.027379,1121306470,1145532580,1145.53258,4.128148198
19820730,-0.020526,-0.022744,1086720920,1110320320,1110.32032,2.540791262
19820831,0.119013,0.109931,1214536780,1084544560,1084.54456,10.08392915
19820930,0.016761,0.01367,1232550570,1210760090,1210.76009,3.352327235
19821029,0.118636,0.11593,1375897570,1230047020,1230.04702,3.276316804
19821130,0.051935,0.044991,1445636190,1372831360,1372.83136,8.541446507
19821231,0.014516,0.01203,1475300400,1437852720,1437.85272,3.412858761
19830131,0.04185,0.039762,1531144800,1470216730,1470.21673,3.002236479
19830228,0.030215,0.024204,1568235380,1527216270,1527.21627,8.837472764
19830331,0.03468,0.031623,1628377290,1565910800,1565.9108,4.668700137
19830429,0.074188,0.072842,1750169940,1626405020,1626.40502,2.107715937
19830531,0.013226,0.007961,1771604550,1747224730,1747.22473,8.56302243
19830630,0.037838,0.034866,1853897290,1768884860,1768.88486,5.192751898
19830729,-0.031568,-0.032864,1800276110,1852009580,1852.00958,2.292474779
19830831,0.003463,-0.001803,1803437700,1796631330,1796.63133,9.752682448
19830930,0.016028,0.013103,1840256990,1798695400,1798.6954,5.25514664
19831031,-0.028074,-0.029775,1790914210,1837782500,1837.7825,3.059580875
19831130,0.029556,0.024206,1840684440,1790461320,1790.46132,9.832136375
19831230,-0.010464,-0.013442,1829189050,1832532000,1832.532,5.331993811
19840131,-0.013023,-0.014873,1805600560,1825965370,1825.96537,3.3901842
19840229,-0.039073,-0.043938,1715570250,1792668350,1792.66835,8.883321525
19840330,0.013389,0.010024,1733762640,1713422630,1713.42263,6.032328998
19840430,0.002538,0.000801,1733984860,1731158880,1731.15888,2.976215108
19840531,-0.05232,-0.057705,1634802520,1732638630,1732.63863,9.322290569
19840629,0.023385,0.019502,1652338530,1617890510,1617.89051,6.7278358
19840731,-0.020621,-0.022542,1613265140,1648779490,1648.77949,3.10796767
19840831,0.112689,0.106812,1783094860,1608335230,1608.33523,9.689877063
19840928,0.000404,-0.002538,1777491150,1778419500,1778.4195,4.731722247
19841031,-0.000074,-0.002921,1763780400,1765807800,1765.8078,5.063160317
19841130,-0.010685,-0.015257,1728226380,1754210440,1754.21044,8.073273262
19841231,0.023656,0.020095,1763946050,1723779990,1723.77999,6.246743377
19850131,0.085718,0.083506,1906209580,1757243340,1757.24334,3.813001338
19850228,0.016896,0.012267,1927681980,1902448800,1902.4488,8.134279421
19850329,-0.001747,-0.004924,1919545040,1924005220,1924.00522,6.044079838
19850430,-0.002186,-0.003958,1915167630,1918210900,1918.2109,3.40933725
19850531,0.055775,0.050799,2007248550,1907446590,1907.44659,9.545017438
19850628,0.017091,0.014038,2021113420,1985342280,1985.34228,5.823434439
19850731,-0.000251,-0.00222,2019491730,2015633220,2015.63322,3.909138949
19850830,-0.004795,-0.009593,2000308360,2015599610,2015.59961,9.67100819
19850930,-0.039826,-0.042576,1907497250,1983695470,1983.69547,5.542898928
19851031,0.044441,0.042023,1988326700,1902452780,1902.45278,4.796575646
19851129,0.069228,0.064698,2104067960,1974509200,1974.5092,8.618111093
19851231,0.043061,0.04008,2204318680,2091113940,2091.11394,5.886011925
19860131,0.009829,0.008006,2217916070,2196653660,2196.65366,3.812100713
19860228,0.0725,0.06819,2367194200,2212493680,2212.49368,9.467577275
19860331,0.053885,0.05136,2493888970,2361536650,2361.53665,5.586546542
19860430,-0.007903,-0.009633,2459092730,2478041800,2478.0418,4.085458405
19860530,0.050844,0.047123,2581409220,2455477130,2455.47713,9.220793538
19860630,0.014246,0.011624,2621874660,2568266510,2568.26651,6.438261035
19860731,-0.0597,-0.061454,2469853940,2615600260,2615.60026,4.504739459
19860829,0.066181,0.062428,2626831900,2463947450,2463.94745,9.816347776
19860930,-0.079021,-0.081274,2416317870,2618346380,2618.34638,5.551273605
19861031,0.049303,0.046859,2527541520,2404738810,2404.73881,6.399238553
19861128,0.015093,0.010874,2556713850,2518093820,2518.09382,10.14559304
19861231,-0.026388,-0.029057,2478157350,2539365440,2539.36544,6.720792406
19870130,0.128496,0.126924,2798440210,2471475220,2471.47522,3.991882472
19870227,0.047918,0.044491,2924786670,2791176450,2791.17645,8.469745579
19870331,0.023664,0.021218,3000690570,2917655230,2917.65523,6.827217597
19870430,-0.017001,-0.018898,2945053470,2994117810,2994.11781,5.534791971
19870529,0.005125,0.001874,2959585150,2941818020,2941.81802,9.733877
19870630,0.043662,0.04115,3091237250,2936716930,2936.71693,7.389846866
19870731,0.044248,0.042348,3223733790,3077645310,3077.64531,5.579762167
19870831,0.037146,0.03386,3331929910,3211628360,3211.62836,10.11314249
19870930,-0.020774,-0.022846,3268376720,3323020780,3323.02078,6.654493962
19871030,-0.225363,-0.227344,2520570620,3256589750,3256.58975,6.582904165
19871130,-0.072273,-0.076513,2323781200,2513955220,2513.95522,13.80794054
19871231,0.070327,0.067214,2481980780,2315148270,2315.14827,7.8259426
19880129,0.04488,0.043048,2582517330,2475542950,2475.54295,4.241351631
19880229,0.051695,0.045999,2701327790,2578264170,2578.26417,14.10069264
19880331,-0.016598,-0.019273,2642466180,2687165000,2687.165,6.896856655
19880429,0.010991,0.009188,2664386430,2635915140,2635.91514,4.844958495
19880531,0.000448,-0.003859,2650144250,2654636350,2654.63635,11.35288651
19880630,0.051459,0.048746,2765865330,2639418210,2639.41821,7.202028418
19880729,-0.007272,-0.00994,2742821430,2760141570,2760.14157,7.041967784
19880831,-0.028006,-0.032443,2645670200,2731019740,2731.01974,12.24674815
19880930,0.037202,0.034603,2732933180,2638465610,2638.46561,7.097920304
19881031,0.017646,0.014483,2769324540,2723877680,2723.87768,8.345466724
19881130,-0.016412,-0.021131,2706932490,2761631860,2761.63186,12.85397877
19881230,0.021075,0.017631,2717084470,2677806480,2677.80648,9.511060126
19890131,0.066103,0.063307,2875130280,2701968450,2701.96845,7.487146918
19890228,-0.016446,-0.020177,2814868960,2872502650,2872.50265,10.08104429
19890331,0.021465,0.018642,2867165600,2807300700,2807.3007,8.109074981
19890428,0.048204,0.04627,2996588280,2862723170,2862.72317,5.429319554
19890531,0.039338,0.034584,3070561700,2966693340,2966.69334,13.60938595
19890630,-0.004866,-0.007439,3043608450,3059051340,3059.05134,7.633301964
19890731,0.077131,0.074884,3259811480,3026677250,3026.67725,6.873688361
19890831,0.022127,0.018228,3319130470,3251809820,3251.80982,11.8010146
19890929,-0.001474,-0.00397,3305515740,3314408180,3314.40818,8.116517311
19891031,-0.029285,-0.031338,3204599820,3290736810,3290.73681,6.804479994
19891130,0.017814,0.014331,3245922200,3195815220,3195.81522,11.46163631
19891229,0.018295,0.015516,3305672930,3236181460,3236.18146,8.881170496
19900131,-0.070115,-0.071949,3051808110,3282761450,3282.76145,5.935156798
19900228,0.014901,0.010958,3087995240,3048841850,3048.84185,12.9439284
19900330,0.02414,0.021618,3165214870,3084505710,3084.50571,7.689179146
19900430,-0.028286,-0.030565,3070901530,3163169250,3163.16925,7.029588513
19900531,0.088934,0.084648,3330408750,3067320090,3067.32009,13.55734341
19900629,-0.004196,-0.006739,3308329830,3324375690,3324.37569,7.800194989
19900731,-0.009403,-0.011604,3271591460,3306455600,3306.4556,7.316950894
19900831,-0.091905,-0.095719,2951893620,3262880690,3262.88069,12.61082166
19900928,-0.053843,-0.056109,2783127290,2946380100,2946.3801,7.393687644
19901031,-0.012504,-0.015054,2739219530,2780897470,2780.89747,7.513269255
19901130,0.065744,0.061416,2905372460,2734757000,2734.757,12.03572425
19901231,0.029513,0.026276,2979582530,2903988200,2903.9882,8.852408409
19910131,0.049078,0.046982,3115064270,2973408660,2973.40866,6.086759267
19910228,0.075847,0.071835,3338960830,3113891210,3113.89121,11.92931554
19910328,0.028923,0.026702,3444588200,3332239890,3332.23989,6.915952377
19910430,0.003315,0.00119,3452130500,3442499010,3442.49901,7.081009766
19910531,0.040733,0.037173,3586959580,3449779970,3449.77997,12.25529648
19910628,-0.044029,-0.046277,3447776450,3585934300,3585.9343,7.755105373
19910731,0.046795,0.04499,3609514750,3444092140,3444.09214,6.472611412
19910830,0.026817,0.023284,3698163140,3606248820,3606.24882,12.16797753
19910930,-0.010975,-0.013074,3674720010,3690039070,3690.03907,7.569516273
19911031,0.017815,0.016215,3742700850,3672511380,3672.51138,5.904062512
19911129,-0.037275,-0.040557,3597829500,3739723520,3739.72352,12.05318235
19911231,0.106778,0.104142,3997265300,3593779210,3593.77921,9.857911199
19920131,-0.001182,-0.00261,3987564690,3987469130,3987.46913,5.131916712
19920228,0.013354,0.010306,4034386120,3980505610,3980.50561,12.15380591
19920331,-0.0237,-0.025971,3975481440,4030062720,4030.06272,9.03972824
19920430,0.013419,0.011876,4018103920,3963176000,3963.176,6.218386777
19920529,0.006439,0.003333,4031463830,4009754460,4009.75446,12.30962466
19920630,-0.019271,-0.021679,3978389000,4024163250,4024.16325,9.65548874
19920731,0.0399,0.038369,4132800830,3972293700,3972.2937,6.160993936
19920831,-0.02082,-0.023972,4036583830,4130800540,4130.80054,12.52066974
19920930,0.012447,0.010271,4093047090,4034203020,4034.20302,8.988621975
19921030,0.010986,0.009548,4137175460,4088799910,4088.79991,5.801183943
19921130,0.040193,0.036963,4296086220,4136474680,4136.47468,13.20682371
19921231,0.017768,0.01556,4396430190,4293266190,4293.26619,9.133336093
19930129,0.012644,0.011328,4451554470,4393611100,4393.6111,5.649938306
19930226,0.005402,0.00264,4475207560,4449515820,4449.51582,12.13515386
19930331,0.025116,0.022685,4612158360,4468245410,4468.24541,10.81677296
19930430,-0.0254,-0.026724,4500044390,4611228240,4611.22824,5.915956923
19930528,0.029599,0.026565,4630766820,4498342620,4498.34262,13.99046648
19930630,0.00544,0.003222,4702527750,4628554780,4628.55478,9.977323931
19930730,-0.000792,-0.00214,4700731930,4700405340,4700.40534,6.239291843
19930831,0.039479,0.036546,4885087990,4698649020,4698.64902,13.78628886
19930930,0.000641,-0.001342,4911217610,4879497510,4879.49751,9.317421007
19931029,0.018064,0.016743,5002318260,4904051420,4904.05142,6.445816211
19931130,-0.017606,-0.020483,4918457490,4993087400,4993.0874,14.10895594
19931231,0.019515,0.017488,5055729830,4913106480,4913.10648,10.12098816
19940131,0.031466,0.030077,5217543330,5045933270,5045.93327,6.824304901
19940228,-0.024226,-0.026779,5096183670,5207964370,5207.96437,12.88226764
19940331,-0.045795,-0.047883,4874971790,5090854980,5090.85498,10.8742296
19940429,0.009478,0.008027,4916295320,4868534550,4868.53455,7.386830576
19940531,0.00936,0.006369,4962658440,4914521660,4914.52166,14.56178684
19940630,-0.027909,-0.030083,4837094660,4957618760,4957.61876,10.68417009
19940729,0.030628,0.029254,4984087620,4828127580,4828.12758,6.811768176
19940831,0.042597,0.039691,5180068620,4972181490,4972.18149,14.03053875
19940930,-0.018363,-0.020379,5088586130,5158714120,5158.71412,10.02391788
19941031,0.01452,0.012999,5147022960,5071177400,5071.1774,7.846404177
19941130,-0.037219,-0.039993,4941904580,5134153770,5134.15377,14.06744611
19941230,0.012609,0.010169,5000485040,4930367570,4930.36757,12.5273352
19950131,0.020399,0.018798,5091745470,4990705700,4990.7057,7.89351848
19950228,0.039615,0.03704,5282589250,5081390930,5081.39093,12.85106718
19950331,0.027041,0.024862,5430075100,5267557670,5267.55767,11.07235084
19950428,0.025048,0.023596,5558687650,5422980880,5422.98088,7.648493737
19950531,0.034007,0.031227,5734482850,5545238400,5545.2384,15.07588685
19950630,0.031169,0.02924,5923054460,5726781270,5726.78127,10.69676487
19950731,0.040779,0.03893,6150027140,5906012210,5906.01221,10.58881857
19950831,0.009298,0.0068,6209194200,6142208740,6142.20874,14.7532185
19950929,0.036365,0.034652,6446473110,6197480520,6197.48052,10.52160357
19951031,-0.011314,-0.012646,6387940840,6425371310,6425.37131,8.255044053
19951130,0.042804,0.040334,6670659990,6364604960,6364.60496,15.87066714
19951229,0.015183,0.013344,6784930300,6642677320,6642.67732,11.70450852
19960131,0.028138,0.026821,6965783150,6754723520,6754.72352,8.74840603
19960229,0.01631,0.014188,7072971400,6935292490,6935.29249,14.33352331
19960329,0.010925,0.009221,7171097030,7059652060,7059.65206,11.8177384
19960430,0.025508,0.024263,7380813220,7126302580,7126.30258,8.789266815
19960531,0.026802,0.024543,7603295110,7371217010,7371.21701,16.09831753
19960628,-0.008302,-0.009834,7569285510,7571569860,7571.56986,11.29270446
19960731,-0.053814,-0.055251,7151063640,7536399220,7536.39922,10.88034589
19960830,0.032448,0.030377,7390812630,7140147170,7140.14717,15.60788278
19960930,0.053035,0.051329,7787927710,7370264140,7370.26414,12.18109107
19961031,0.013729,0.012357,7881356310,7774063250,7774.06325,10.1120024
19961129,0.065577,0.063595,8397010430,7869497410,7869.49741,15.40819336
19961231,-0.011397,-0.013076,8305347110,8359414840,8359.41484,13.21288615
19970131,0.053473,0.05239,8732253490,8259460840,8259.46084,9.053246272
19970228,-0.001122,-0.002857,8715161190,8720956260,8720.95626,14.33016456
19970331,-0.044868,-0.046519,8328563980,8702472370,8702.47237,14.39829879
19970430,0.042373,0.041157,8664352550,8301057570,8301.05757,10.5822064
19970530,0.071624,0.069772,9276401230,8648112520,8648.11252,15.37355862
19970630,0.044095,0.042703,9668399130,9212913350,9212.91335,12.03817263
19970731,0.076514,0.075202,10409677300,9635241060,9635.24106,12.08734232
19970829,-0.036291,-0.03765,10027962500,10325514900,10325.5149,13.0942926
19970930,0.058499,0.057095,10643413800,10003990700,10003.9907,14.49702292
19971031,-0.034436,-0.035506,10271866100,10619250600,10619.2506,10.70427005
19971128,0.030404,0.028891,10586696000,10233739900,10233.7399,16.06692616
19971231,0.017817,0.016302,10794170200,10547345400,10547.3454,15.50411595
19980130,0.004502,0.003624,10832553600,10757968000,10757.968,9.260569261
19980227,0.073303,0.071798,11609181700,10808114800,10808.1148,16.19074184
19980331,0.051301,0.050044,12270630900,11586906500,11586.9065,13.5858003
19980430,0.010904,0.009902,12404129800,12218588100,12218.5881,11.61008031
19980529,-0.025748,-0.02704,12109391500,12383486500,12383.4865,15.78641583
19980630,0.031944,0.030725,12563660200,12040038200,12040.0382,15.09547004
19980731,-0.023367,-0.024343,12280112800,12496602000,12496.602,11.75107728
19980831,-0.157844,-0.159153,10329305300,12233512300,12233.5123,16.35805202
19980930,0.063827,0.062308,10989073800,10279623300,10279.6233,18.58270518
19981030,0.074393,0.073375,11786920600,10844845700,10844.8457,10.46465652
19981130,0.062023,0.060615,12531813100,11700293100,11700.2931,15.26954275
19981231,0.063051,0.061723,13297313900,12482503700,12482.5037,15.53798924
19990129,0.038456,0.037658,13750421600,13184675500,13184.6755,9.961037953
19990226,-0.038085,-0.039271,13243810700,13739211700,13739.2117,15.63702514
19990331,0.037932,0.036659,13752957900,13145283900,13145.2839,17.49001649
19990430,0.049105,0.048284,14474202500,13722127400,13722.1274,10.79227808
19990528,-0.020707,-0.022381,14220263600,14443031300,14443.0313,22.97084127
19990630,0.050821,0.049722,14892886800,14076491300,14076.4913,15.8728914
19990730,-0.030716,-0.031594,14464298200,14844432100,14844.4321,12.35915936
19990831,-0.009984,-0.011143,14332449900,14421646100,14421.6461,17.2046968
19990930,-0.022845,-0.024049,14045743800,14300607400,14300.6074,17.3636619
19991029,0.06215,0.06136,14998451400,13912533600,13912.5336,11.29747985
19991130,0.036824,0.035617,15653630600,14944687000,14944.687,16.79242806
19991231,0.083754,0.082643,17016519300,15527909500,15527.9095,16.60354726
20000131,-0.039607,-0.040248,16335200900,16965882600,16965.8826,9.953389989
20000229,0.031782,0.030679,16999906300,16302059700,16302.0597,18.71336851
20000331,0.053499,0.052515,18164200200,16955296100,16955.2961,16.04122674
20000428,-0.059527,-0.060317,17154277900,18077490200,18077.4902,13.39468392
20000531,-0.03887,-0.040029,16503501200,17080291700,17080.2917,20.95181114
20000630,0.051603,0.050806,17404189300,16286057900,16286.0579,13.61299248
20000731,-0.017712,-0.018432,17106733500,17242854700,17242.8547,11.72596169
20000831,0.075006,0.073825,18437238600,17061146500,17061.1465,20.3638114
20000929,-0.051141,-0.051882,17566409700,18389916600,18389.9166,12.64230956
20001031,-0.02449,-0.025164,17119308000,17492137100,17492.1371,12.39480379
20001130,-0.102372,-0.103579,15328812500,17039200200,17039.2002,21.11300948
20001229,0.020422,0.019428,15623503500,15236964400,15236.9644,16.936965
20010131,0.039601,0.038813,16246821200,15474132600,15474.1326,12.00672795
20010228,-0.099103,-0.100201,14621532100,16168526200,16168.5262,16.99059759
20010330,-0.070392,-0.071348,13600863500,14595790400,14595.7904,15.45711105
20010430,0.083829,0.082824,14741727600,13579360600,13579.3606,14.66876935
20010531,0.010455,0.009069,14875172700,14689427700,14689.4277,18.82099379
20010629,-0.017553,-0.018328,14635914200,14836316400,14836.3164,11.38430647
20010731,-0.018298,-0.019265,14374807600,14609681200,14609.6812,14.34671796
20010831,-0.058981,-0.060356,13527706400,14271292400,14271.2924,20.08831165
20010928,-0.091485,-0.092618,12277196700,13499229200,13499.2292,16.16937429
20011031,0.027836,0.026818,12628237900,12207729900,12207.7299,13.74221533
20011130,0.078777,0.077341,13604095200,12605184100,12605.1841,17.53030014
20011231,0.017853,0.01657,13845359900,13562743700,13562.7437,16.1724512
20020131,-0.015975,-0.016929,13620320900,13823103700,13823.1037,12.93885749
20020228,-0.021696,-0.023063,13316984400,13606194100,13606.1941,18.89618276
20020328,0.044678,0.043709,13938288200,13300963700,13300.9637,13.18440208
20020430,-0.049618,-0.050521,13264908600,13931735600,13931.7356,12.01077022
20020531,-0.010521,-0.011969,13216854300,13236873300,13236.8733,20.17315315
20020628,-0.070251,-0.071507,12326854300,13203444200,13203.4442,16.62551286
20020731,-0.081149,-0.082334,11333229800,12309141000,12309.141,15.64608138
20020830,0.007976,0.006431,11395579500,11322099700,11322.0997,19.01762285
20020930,-0.09992,-0.101384,10239226900,11378056000,11378.056,16.57555396
20021031,0.074919,0.073501,11000326200,10229185600,10229.1856,16.13408341
20021129,0.061263,0.059593,11656389500,10971613100,10971.6131,17.08273995
20021231,-0.053315,-0.054958,11026837200,11645923400,11645.9234,18.02636032
20030131,-0.0234,-0.02461,10754193000,11014418400,11014.4184,14.09156731
20030228,-0.015391,-0.017218,10565800800,10745760000,10745.76,20.12334242
20030331,0.010318,0.008897,10669443100,10542712100,10542.7121,15.26972496
20030430,0.08275,0.081162,11538803100,10606396800,10606.3968,16.74182681
20030530,0.063436,0.061743,12247408500,11533824900,11533.8249,17.95662978
20030630,0.01632,0.014771,12444422600,12240922300,12240.9223,17.86589477
20030731,0.023098,0.021749,12719235500,12431030400,12431.0304,16.51300418
20030829,0.024996,0.023516,13034982600,12703520600,12703.5206,18.39792499
20030930,-0.009116,-0.010602,12955265900,13027415600,13027.4156,18.87743161
20031031,0.060316,0.058836,13731193400,12947556100,12947.5561,19.28057509
20031128,0.016593,0.015052,13962503300,13713267100,13713.2671,19.95218395
20031231,0.045505,0.043848,14576736100,13932382400,13932.3824,22.72288358
20040130,0.023037,0.022013,14907364900,14568613800,14568.6138,14.26675958
20040227,0.015479,0.013994,15161074500,14889377000,14889.377,21.63439149
20040331,-0.010667,-0.011991,15031909400,15146308500,15146.3085,19.71353515
20040430,-0.024214,-0.02556,14672442000,14927180100,14927.1801,20.38693124
20040528,0.014058,0.012374,14880898000,14662851200,14662.8512,25.13737129
20040630,0.021601,0.020039,15182065700,14866986400,14866.9864,22.90337357
20040730,-0.03767,-0.038765,14606309100,15100079200,15100.0792,16.27935011
20040831,0.002728,0.001083,14634555200,14591078600,14591.0786,24.83963028
20040930,0.020543,0.019085,14915540100,14619911400,14619.9114,21.2737926
20041029,0.017806,0.016579,15137553000,14847049900,14847.0499,17.93863129
20041130,0.048208,0.044313,15887333900,15109092800,15109.0928,57.82925936
20041231,0.035177,0.033422,16449982100,15832067700,15832.0677,26.51645786
20050131,-0.026551,-0.027405,15997883600,16426806300,16426.8063,13.52058582
20050228,0.022676,0.020839,16343844600,15989007600,15989.0076,30.17604317
20050331,-0.016948,-0.018583,16068172600,16303044600,16303.0446,26.14202743
20050429,-0.025185,-0.026569,15648128300,16043472700,16043.4727,22.56341373
20050531,0.037954,0.03615,16203874400,15632805600,15632.8056,28.94242475
20050630,0.011526,0.009902,16374589800,16184106000,16184.106,25.38767629
20050729,0.043335,0.042229,17059731200,16341335500,16341.3355,17.89962124
20050831,-0.005944,-0.007761,16911023000,16953365600,16953.3656,29.6922066
20050930,0.010607,0.009338,17074795500,16891555800,16891.5558,21.51382095
20051031,-0.020873,-0.021981,16694720500,16985802000,16985.802,18.71584383
20051130,0.040322,0.03807,17351993100,16656463000,16656.463,38.2520261
20051230,0.003457,0.001886,17370449200,17302366300,17302.3663,26.16730337
20060131,0.040041,0.038935,17993719500,17301317700,17301.3177,19.13641713
20060228,-0.001639,-0.003553,17982769300,17962823500,17962.8235,33.11472208
20060331,0.019042,0.017575,18303220600,17939582100,17939.5821,26.35146207
20060428,0.012963,0.011492,18440365000,18187470000,18187.47,26.38912527
20060531,-0.031041,-0.033021,17849733400,18381311700,18381.3117,36.0111906
20060630,-0.000388,-0.001883,17823188800,17809833600,17809.8336,27.48006099
20060731,-0.001874,-0.002918,17760179300,17799256100,17799.2561,18.59346628
20060831,0.025048,0.022974,18097986200,17705862000,17705.862,36.91565715
20060929,0.019424,0.018105,18418234200,18088958100,18088.9581,23.35403198
20061031,0.037133,0.036087,19064677600,18357229000,18357.229,18.92105017
20061130,0.023702,0.021338,19448847100,18965051200,18965.0512,43.39648936
20061229,0.010855,0.009153,19606473000,19385886700,19385.8867,32.27851714
20070131,0.019397,0.018461,19931130200,19475525900,19475.5259,18.14518995
20070228,-0.013988,-0.015979,19592882800,19878530100,19878.5301,38.77577207
20070330,0.01295,0.011475,19847945500,19513564500,19513.5645,29.3208319
20070430,0.039815,0.038449,20578445600,19782046400,19782.0464,26.65552911
20070531,0.038932,0.036643,21299221100,20539883000,20539.883,45.28110421
20070629,-0.014765,-0.016128,20933899100,21256375400,21256.3754,27.99586053
20070731,-0.03176,-0.032764,20190041700,20854920200,20854.9202,21.3414009
20070831,0.01163,0.009677,20367502600,20144194600,20144.1946,40.72965915
20070928,0.040842,0.039325,21114952700,20302927300,20302.9273,30.55874321
20071031,0.025796,0.024655,21515932900,20981859300,20981.8593,23.16564005
20071130,-0.049327,-0.051276,20298468800,21382482000,21382.482,40.89364378
20071231,-0.004423,-0.006511,20193601100,20254814800,20254.8148,44.64662242
20080131,-0.062138,-0.063243,18877986300,20151470600,20151.4706,22.38157035
20080229,-0.021663,-0.023605,18357347900,18850428300,18850.4283,39.13415591
20080331,-0.010421,-0.01216,18163826600,18335016200,18335.0162,32.78089481
20080430,0.05106,0.049736,19043581000,18138317700,18138.3177,24.27556145
20080530,0.023808,0.021494,19438239600,19024196200,19024.1962,41.97206716
20080630,-0.078426,-0.080241,17904304500,19409988800,19409.9888,34.5289161
20080731,-0.013341,-0.01469,17643097400,17864502700,17864.5027,26.18407489
20080829,0.010566,0.008576,17790848600,17610665700,17610.6657,35.55036037
20080930,-0.09798,-0.09977,16053798600,17749637200,17749.6372,31.5230916
20081031,-0.184648,-0.186136,13022983700,16007153900,16007.1539,26.41146015
20081128,-0.084615,-0.087354,11858662400,12948852500,12948.8525,43.84359453
20081231,0.022154,0.019087,12126443000,11834214900,11834.2149,39.71413062
20090130,-0.077315,-0.078709,11161213500,12074371900,12074.3719,16.49689557
20090227,-0.100271,-0.103457,9973567450,11153509600,11153.5096,38.46894887
20090331,0.086748,0.083489,10719871800,9881196220,9881.19622,36.34928779
20090430,0.109352,0.107516,11882426900,10700647500,10700.6475,18.14187626
20090529,0.067774,0.065124,12727728700,11881627600,11881.6276,28.35671588
20090630,-0.003099,-0.005042,12725559300,12722589200,12722.5892,23.08600243
20090731,0.081752,0.080331,13775281200,12712784300,12712.7843,18.07879925
20090831,0.031469,0.02931,14249052600,13750828800,13750.8288,27.4469013
20090930,0.045216,0.043576,14972145500,14239628700,14239.6287,22.55135923
20091030,-0.027971,-0.029227,14512857200,14884819700,14884.8197,17.88497365
20091130,0.057117,0.054661,15321755200,14442241400,14442.2414,36.55711718
20091231,0.02843,0.026404,15798221200,15298119100,15298.1191,29.25998108
20100129,-0.037098,-0.038111,15190648300,15779140200,15779.1402,15.49699465
20100226,0.034786,0.0327,15690962500,15143689700,15143.6897,32.91528646
20100331,0.063626,0.06194,16732810100,15665650400,15665.6504,25.53226083
20100430,0.020063,0.01895,17069749100,16713617800,16713.6178,17.4358689
20100528,-0.079163,-0.081251,15699534600,17062522500,17062.5225,34.89803397
20100630,-0.050745,-0.052485,14848153900,15606932700,15606.9327,29.68878915
20100730,0.070309,0.068611,15857560700,14818296600,14818.2966,26.50057172
20100831,-0.042844,-0.044969,15134330300,15832797300,15832.7973,31.48888028
20100930,0.091547,0.089664,16510218000,15124917100,15124.9171,29.81315732
20101029,0.038512,0.03699,17154794500,16481774400,16481.7744,23.02012383
20101130,0.005125,0.002925,17327206800,17124568400,17124.5684,36.25990368
20101231,0.067205,0.064873,18481244000,17306112700,17306.1127,39.93449351
20110131,0.019137,0.018182,18900605300,18469997400,18469.9974,16.52733763
20110228,0.038175,0.036243,19590514200,18886049300,18886.0493,35.68403498
20110331,0.003353,0.001768,19665593200,19566453800,19566.4538,29.93438814
20110429,0.028667,0.027552,20186186100,19571206600,19571.2066,21.81659599
20110531,-0.0149,-0.016907,19840707700,20151931400,20151.9314,39.27941165
20110630,-0.018388,-0.020153,19425325600,19787395700,19787.3957,35.56815892
20110729,-0.022524,-0.023665,18968701200,19391207600,19391.2076,22.57741849
20110831,-0.057498,-0.059638,17808844400,18951172800,18951.1728,41.49718426
20110930,-0.084862,-0.086554,16238941300,17776002700,17776.0027,32.06538438
20111031,0.11403,0.112619,18042642600,16218917900,16218.9179,25.08193981
20111130,-0.006207,-0.008875,17843167600,18020836900,18020.8369,43.27207296
20111230,0.003696,0.001449,17872474700,17817834300,17817.8343,40.49282051
20120131,0.054095,0.052947,18839355800,17851861200,17851.8612,20.45487378
20120229,0.041239,0.038967,19567194800,18819455700,18819.4557,40.55942865
20120330,0.024004,0.02212,20040792600,19547942000,19547.942,35.45585454
20120430,-0.006806,-0.008024,19899498700,19997699600,19997.6996,23.80939336
20120531,-0.065574,-0.067986,18540257700,19853412100,19853.4121,48.23445144
20120629,0.038189,0.036089,19216184200,18532798900,18532.7989,41.69216541
20120731,0.010284,0.009031,19389044100,19166930000,19166.93,23.22159702
20120831,0.026278,0.023678,19823767300,19367069400,19367.0694,49.834018
20120928,0.026554,0.024613,20381451500,19818495500,19818.4955,37.59148171
20121031,-0.014104,-0.015553,20068096000,20356336900,20356.3369,28.71699998
20121130,0.006192,0.002951,20124952200,20063156800,20063.1568,65.97488789
20121231,0.012529,0.008978,20335059700,20091189500,20091.1895,71.2442698
20130131,0.054145,0.052937,21459033400,20322629200,20322.6292,24.27015692
20130228,0.00834,0.006136,21558450900,21418402500,21418.4025,44.79107476
20130328,0.035294,0.033528,22340438600,21548284000,21548.284,37.82489881
20130430,0.014947,0.01377,22663677000,22329921300,22329.9213,25.36233027
20130531,0.019074,0.016515,23088072900,22637719900,22637.7199,57.14226861
20130628,-0.015036,-0.017051,22681949600,23042477200,23042.4772,45.6150056
20130731,0.052717,0.05128,23855408800,22639659700,22639.6597,33.11203974
20130830,-0.025727,-0.027904,23197809900,23850469300,23850.4693,49.28653917
20130930,0.03747,0.035676,24067563200,23180110500,23180.1105,42.78774192
20131031,0.039895,0.038608,24993850600,24012070400,24012.0704,29.83280221
20131129,0.024966,0.022842,25597624500,24970861200,24970.8612,51.00163753
20131231,0.02614,0.024086,26262962600,25569250400,25569.2504,51.2901489
20140131,-0.029987,-0.031093,25464731900,26244243000,26244.243,28.27959094
20140228,0.046186,0.043951,26628535700,25434156100,25434.1561,58.65588311
20140331,0.004501,0.002784,26770614900,26619290400,26619.2904,43.67044602
20140430,0.00167,0.000506,26856288900,26755460500,26755.4605,30.98485403
20140530,0.020223,0.018015,27338228200,26828476400,26828.4764,59.07605678
20140630,0.027961,0.025977,28094437000,27319972200,27319.9722,53.22769718
20140731,-0.020536,-0.021831,27517797400,28051716100,28051.7161,35.379364
20140829,0.040206,0.038203,28561547600,27493893700,27493.8937,56.18758735
20140930,-0.025132,-0.026826,27824191000,28540870900,28540.8709,46.57465593
20141031,0.021198,0.01995,28414127100,27814799100,27814.7991,35.61900688
20141128,0.021159,0.018994,29011559100,28339752700,28339.7527,60.21904005
20141231,-0.003623,-0.005757,28937993300,28956691000,28956.691,60.47703226
20150130,-0.0272,-0.028272,28040154300,28789060000,28789.06,31.04157275
20150227,0.056017,0.053679,29528115300,27986961400,27986.9614,67.30882228
20150331,-0.010454,-0.01227,29157800200,29423239800,29423.2398,50.8243219
20150430,0.008716,0.007567,29391149000,29122724300,29122.7243,33.80730253
20150529,0.010344,0.008184,29595680600,29335186500,29335.1865,62.90508449
20150630,-0.019262,-0.021203,28990720100,29545988500,29545.9885,56.939597
20150731,0.012113,0.0109,29328725500,28843160800,28843.1608,35.83928405
20150831,-0.060046,-0.062112,27457800100,29274344000,29274.344,59.58997021
20150930,-0.033769,-0.035704,26457408900,27438930500,27438.9305,56.64585564
20151030,0.074021,0.072626,28348374800,26421639300,26421.6393,38.27730805
20151130,0.002448,0.000182,28326127000,28316298200,28316.2982,59.87143465
20151231,-0.022287,-0.024526,27631798200,28241601400,28241.6014,63.40019167
20160129,-0.057094,-0.058264,25980101400,27569795700,27569.7957,33.04267364
20160229,0.000685,-0.001737,25779220700,25867107600,25867.1076,66.77404519
20160331,0.070518,0.068146,27504157800,25734643000,25734.643,61.35677923
20160429,0.011814,0.010579,27788158700,27452474700,27452.4747,31.78228411
20160531,0.014316,0.011904,28033666100,27674705600,27674.7056,66.21536898
20160630,0.003111,0.001037,28075299600,27977497000,27977.497,57.39733941
20160729,0.038775,0.037528,29144370600,28027883700,28027.8837,34.88793876
20160831,0.002789,0.000453,29159545200,29118082300,29118.0823,65.47313632
20160930,0.003017,0.00124,29143335200,29011609200,29011.6092,51.74283225
20161031,-0.021594,-0.022839,28504275300,29111717200,29111.7172,36.11945345
20161130,0.040491,0.038046,29607721700,28471629900,28471.6299,71.17814855
20161230,0.018792,0.016652,30119879300,29552120700,29552.1207,60.92928799
20170131,0.02219,0.021165,30820934600,30071710100,30071.7101,30.29092372
20170228,0.032665,0.030563,31772934500,30763802800,30763.8028,63.21073463
20170331,0.002092,0.00022,31806391600,31719973600,31719.9736,57.58983884
20170428,0.009615,0.008496,32111351200,31748760200,31748.7602,35.49465046
20170531,0.009335,0.006989,32390134500,32097707500,32097.7075,74.48259143
20170630,0.009469,0.007585,32651987300,32291675900,32291.6759,60.47208093
20170731,0.02033,0.018945,33191044300,32527548100,32527.5481,44.72397112
20170831,0.001589,-0.000647,33091577900,33052138200,33052.1382,72.73159755
20170929,0.023734,0.022128,33800966600,32875016100,32875.0161,53.08173395
20171031,0.019281,0.018179,34429048500,33759583100,33759.5831,36.22826774
20171130,0.027309,0.024984,35289601700,34379707900,34379.7079,78.49103071
20171229,0.012173,0.010315,35688603600,35252135000,35252.135,63.87749728
20180131,0.050656,0.049702,37559246400,35655715100,35655.7151,33.63053679
20180228,-0.039465,-0.041332,35976437600,37536538800,37536.5388,66.56922009
20180329,-0.018433,-0.020301,35204558400,35924651700,35924.6517,70.11825448
20180430,0.004769,0.00366,35336314900,35133633700,35133.6337,39.84043874
20180531,0.02617,0.023877,36228849900,35308804300,35308.8043,80.56142207
20180629,0.005334,0.003549,36254220300,36069626800,36069.6268,63.02621568
20180731,0.031605,0.030468,37382130700,36180201400,36180.2014,41.01116567
20180831,0.030221,0.027755,38347504700,37316759000,37316.759,89.22037665
20180928,0.000443,-0.001192,38272297600,38303928800,38303.9288,61.01290097
20181031,-0.074031,-0.0751,35415240500,38136486800,38136.4868,40.94689989
20181130,0.01853,0.016193,35901607600,35288694500,35288.6945,89.12496965
20181231,-0.08981,-0.092046,32556887400,35764143400,35764.1434,78.9055209